Course Name,URL,Categories,Short Description,Long Description,Difficulty,Duration,Free Option,Number of Enrolled,Rating,Paid Option,Language,Subtitle Language,Platform,Provider,Image URL
DevOps Engineer Masters Program,https://www.edureka.co/devops-engineer-training?qId=df4483d14d6e45c7aa609c7416b48940&index_name=prod_search_results_courses&objId=2154&objPos=1,Computer Science,"Includes 4 Live courses: DevOps, Docker, AWS DevOps and more.","DevOps Engineer Masters Program will make you proficient in DevOps principles like CI/CD, Continuous Monitoring, and Continuous Delivery, using tools like Puppet, Nagios, Chef, Docker, Git & Jenkins. It includes training on Linux, Python, Docker, AWS DevOps, and Splunk. DevOps Engineer certification training course curriculum created by extensive research on 5000+ job descriptions across the globe to make you a certified DevOps expert.",0,2,0,0,4.934782608695652,0,English,English,Edureka,Edureka,https://d1jnx9ba8s6j9r.cloudfront.net/imgver.1679557636/img/Edureka_V_W_logo.webp
Microsoft Power BI Certification Training Course,https://www.edureka.co/power-bi-certification-training?qId=df4483d14d6e45c7aa609c7416b48940&index_name=prod_search_results_courses&objId=1910&objPos=2,Computer Science,"Includes: DAX, Data insights, Power BI Service, Report Servers & more",,0,1,1,50035.0,5.0,0,English,English,Edureka,Edureka,https://d1jnx9ba8s6j9r.cloudfront.net/imgver.1679557636/img/Edureka_V_W_logo.webp
DevOps Certification Training Course,https://www.edureka.co/devops-certification-training?qId=df4483d14d6e45c7aa609c7416b48940&index_name=prod_search_results_courses&objId=1414&objPos=3,Computer Science,"Includes Git, Jenkins, Ansible, Docker, Kubernetes, Terraform and more.",,0,1,1,142132.0,5.0,0,English,English,Edureka,Edureka,https://d1jnx9ba8s6j9r.cloudfront.net/imgver.1679557636/img/Edureka_V_W_logo.webp
Full Stack Web Development Internship Program,https://www.edureka.co/full-stack-web-development?qId=df4483d14d6e45c7aa609c7416b48940&index_name=prod_search_results_courses&objId=1113&objPos=4,Computer Science,"Learn Node.JS, React, Express, HTML,CSS etc & build your own product",,0,2,0,0,4.934782608695652,0,English,English,Edureka,Edureka,https://d1jnx9ba8s6j9r.cloudfront.net/imgver.1679557636/img/Edureka_V_W_logo.webp
Professional Certificate Program in DevOps,https://www.edureka.co/purdue-devops?qId=df4483d14d6e45c7aa609c7416b48940&index_name=prod_search_results_courses&objId=2007&objPos=5,Computer Science,"Includes Source Code Management, Continuous Integration, and more",,0,2,0,0,4.934782608695652,0,English,English,Edureka,Edureka,https://d1jnx9ba8s6j9r.cloudfront.net/imgver.1679557636/img/Edureka_V_W_logo.webp
Cloud Architect Masters Program,https://www.edureka.co/cloud-architect-training?qId=df4483d14d6e45c7aa609c7416b48940&index_name=prod_search_results_courses&objId=457&objPos=6,Computer Science,"Includes 4 Live courses: AWS, AWS DevOps, DevOps and more.","Cloud Architect Masters Program makes you proficient in designing, planning, and scaling cloud implementation. It includes training in Python, Cloud Computing, AWS Architectural Principles, Migrating Applications on Cloud and DevOps. The curriculum has been determined by extensive research on 5000+ job descriptions across the globe.",0,2,0,0,4.934782608695652,0,English,English,Edureka,Edureka,https://d1jnx9ba8s6j9r.cloudfront.net/imgver.1679557636/img/Edureka_V_W_logo.webp
AWS Solutions Architect Certification Training Course,https://www.edureka.co/aws-certification-training?qId=df4483d14d6e45c7aa609c7416b48940&index_name=prod_search_results_courses&objId=1981&objPos=7,Computer Science,"Learn AWS EC2, Route 53, Lambda, & many more",,0,1,1,143116.0,5.0,0,English,English,Edureka,Edureka,https://d1jnx9ba8s6j9r.cloudfront.net/imgver.1679557636/img/Edureka_V_W_logo.webp
Data Science and Machine Learning Internship Program,https://www.edureka.co/data-science-and-machine-learning-program?qId=df4483d14d6e45c7aa609c7416b48940&index_name=prod_search_results_courses&objId=1752&objPos=8,Computer Science,"Live Courses: Data Science, Python, Machine Learning, Tableau & more",,0,0,0,0,4.934782608695652,0,English,English,Edureka,Edureka,https://d1jnx9ba8s6j9r.cloudfront.net/imgver.1679557636/img/Edureka_V_W_logo.webp
PMP® Certification Training Course,https://www.edureka.co/pmp-certification-exam-training?qId=df4483d14d6e45c7aa609c7416b48940&index_name=prod_search_results_courses&objId=1321&objPos=9,Computer Science,"Includes: Project Planning, Governance, Stakeholder Engagement & more",,0,1,0,55910.0,5.0,0,English,English,Edureka,Edureka,https://d1jnx9ba8s6j9r.cloudfront.net/imgver.1679557636/img/Edureka_V_W_logo.webp
Cyber Security and Ethical Hacking Internship Program,https://www.edureka.co/cyber-security-ethical-hacking?qId=df4483d14d6e45c7aa609c7416b48940&index_name=prod_search_results_courses&objId=1804&objPos=10,Computer Science,Includes live courses on Cyber Security and Ethical Hacking,,0,2,0,0,4.934782608695652,0,English,English,Edureka,Edureka,https://d1jnx9ba8s6j9r.cloudfront.net/imgver.1679557636/img/Edureka_V_W_logo.webp
Selenium Certification Training Course,https://www.edureka.co/selenium-certification-training?qId=df4483d14d6e45c7aa609c7416b48940&index_name=prod_search_results_courses&objId=1964&objPos=11,Computer Science,"Learn to use TestNG Framework, Robot Class, Cucumber, Gherkin + 6 more",,0,1,1,46819.0,5.0,0,English,English,Edureka,Edureka,https://d1jnx9ba8s6j9r.cloudfront.net/imgver.1679557636/img/Edureka_V_W_logo.webp
Full Stack Web Developer Masters Program Course,https://www.edureka.co/full-stack-developer-training?qId=df4483d14d6e45c7aa609c7416b48940&index_name=prod_search_results_courses&objId=468&objPos=12,Computer Science,"Includes 4 Live courses: Angular, React, Node.js, MongoDB and more.","Full Stack Web Developer course online will enable you to build interactive and responsive web applications using both front-end and back-end technologies. Full Stack Developer course syllabus starts with basics of Web Development, covers JavaScript and jQuery essentials, guides you to build remarkable user interface via Angular or React, helps you to build scalable backend applications using Express &amp; Node.js plus manage data using MongoDB.",0,2,0,0,4.934782608695652,0,English,English,Edureka,Edureka,https://d1jnx9ba8s6j9r.cloudfront.net/imgver.1679557636/img/Edureka_V_W_logo.webp
Automation Testing Engineer Masters Program,https://www.edureka.co/automation-testing-engineer-training?qId=df4483d14d6e45c7aa609c7416b48940&index_name=prod_search_results_courses&objId=814&objPos=13,Computer Science,"Includes 5 Live courses: Selenium, Appium, JMeter and more.","The Automation Testing course helps you optimize your test automation strategies and methodology. You will learn how to perform software testing in all phases of the software life cycle and automation of any web-based application using Selenium. This Automation Testing online course includes training on Continuous Testing in DevOps, Performance Testing using JMeter, and Mobile App Testing using Appium. This program also offers programming courses such as Python Scripting, Ruby on Rails, Ruby with Cucumber, SQL essentials, and Java essentials. Avg. salary earned by Automation Testing course is around $91,178 per annum.",0,2,0,0,4.934782608695652,0,English,English,Edureka,Edureka,https://d1jnx9ba8s6j9r.cloudfront.net/imgver.1679557636/img/Edureka_V_W_logo.webp
Microsoft Azure Cloud Engineer Masters Program,https://www.edureka.co/azure-cloud-engineer-certification-training?qId=df4483d14d6e45c7aa609c7416b48940&index_name=prod_search_results_courses&objId=1073&objPos=14,Computer Science,"Includes 4 Live courses: AZ-104, AZ-204, AZ-303 & AZ-304, AZ-400 and more.","Edureka's Microsoft Azure Master Program for Azure cloud engineer certification will prepare you for three certification exams: AZ-104, which is required to attain Azure Administrator Badge (Associate-level), AZ-204, which is required to attain Azure Developer Badge (Associate-level), AZ-305, which is required to attain Azure Solutions Architect Badge (Expert-level), and AZ-400, which is required to attain Azure DevOps Engineer Badge (Expert-level). You will be able to implement advanced networking configurations, plan authentication and security of the infrastructure, use PaaS solutions and Storage Services to deploy end-to-end cloud solutions.",0,2,0,0,4.934782608695652,0,English,English,Edureka,Edureka,https://d1jnx9ba8s6j9r.cloudfront.net/imgver.1679557636/img/Edureka_V_W_logo.webp
AWS Masters Program,https://www.edureka.co/aws-cloud-certification-training?qId=df4483d14d6e45c7aa609c7416b48940&index_name=prod_search_results_courses&objId=1683&objPos=15,Computer Science,"Includes 8 courses: AWS Architect, AWS Developer, AWS DevOps and more","Edureka’s AWS Masters Certification Program is designed to meet the industry benchmarks and makes you proficient in architecting and managing cloud solutions, migrating on-premise infrastructure to AWS, developing and maintaining AWS-based applications, and building CI-CD pipelines using AWS. This program focuses on core AWS skills which are indispensable for AWS professionals. AWS Masters program course curriculum has been determined by extensive research on 5000+ job descriptions across the globe to make you a certified AWS professional.",0,2,0,0,4.934782608695652,0,English,English,Edureka,Edureka,https://d1jnx9ba8s6j9r.cloudfront.net/imgver.1679557636/img/Edureka_V_W_logo.webp
Salesforce Training Course: Administrator and App Builder Certification,https://www.edureka.co/salesforce-administrator-and-developer-training?qId=df4483d14d6e45c7aa609c7416b48940&index_name=prod_search_results_courses&objId=1373&objPos=16,Computer Science,"Includes SDFC Data and Security Model, Business Logic/Automation and more.",,0,1,0,33725.0,5.0,0,English,English,Edureka,Edureka,https://d1jnx9ba8s6j9r.cloudfront.net/imgver.1679557636/img/Edureka_V_W_logo.webp
Tableau Certification Training Course,https://www.edureka.co/tableau-certification-training?qId=df4483d14d6e45c7aa609c7416b48940&index_name=prod_search_results_courses&objId=2079&objPos=17,Computer Science,"Includes: Visualization, Calculations, LOD, Dashboards, Stories and More",,0,1,0,47977.0,5.0,0,English,English,Edureka,Edureka,https://d1jnx9ba8s6j9r.cloudfront.net/imgver.1679557636/img/Edureka_V_W_logo.webp
Salesforce CRM Masters Certification Program,https://www.edureka.co/salesforce-architect-certification-course?qId=df4483d14d6e45c7aa609c7416b48940&index_name=prod_search_results_courses&objId=1696&objPos=18,Computer Science,"Includes 3 courses: Salesforce Admin and App Builder, and more","Edureka’s Salesforce CRM Certification Masters Program is designed to meet the industry benchmarks and will help you prepare for the Salesforce Administrator Exam (ADM 201), Platform App Builder (CRT 403), Salesforce Architect Certification, and Salesforce Dev 450 Certification exams. This Salesforce CRM Training Program focuses on core Salesforce CRM skills which are indispensable for Salesforce professionals. Throughout the Masters in Salesforce program, you will learn important concepts such as how to customize your application including page layouts, fields, tabs, create reports, customize applications programmatically using Apex code and Visualforce UI framework along with hands-on demonstrations.",0,2,0,0,4.934782608695652,0,English,English,Edureka,Edureka,https://d1jnx9ba8s6j9r.cloudfront.net/imgver.1679557636/img/Edureka_V_W_logo.webp
DP 203: Data Engineering on Microsoft Azure,https://www.edureka.co/microsoft-azure-data-engineering-certification-course?qId=54920b0a1b509b32fb5cb4c8449818ba&index_name=prod_search_results_courses&objId=1988&objPos=1,Computer Science,"Includes Azure Storage, Data Factory, Synapse Analytics and many more",,0,1,1,2059.0,5.0,0,English,English,Edureka,Edureka,https://d1jnx9ba8s6j9r.cloudfront.net/imgver.1679557636/img/Edureka_V_W_logo.webp
Cyber Security Course,https://www.edureka.co/cybersecurity-certification-training?qId=54920b0a1b509b32fb5cb4c8449818ba&index_name=prod_search_results_courses&objId=1269&objPos=2,Computer Science,"Includes Cryptography, Computer Security, IdAM, Ethical Hacking and more",,0,1,0,50508.0,5.0,0,English,English,Edureka,Edureka,https://d1jnx9ba8s6j9r.cloudfront.net/imgver.1679557636/img/Edureka_V_W_logo.webp
Business Intelligence Masters Program,https://www.edureka.co/business-intelligence-certification?qId=54920b0a1b509b32fb5cb4c8449818ba&index_name=prod_search_results_courses&objId=482&objPos=3,Computer Science,"Includes 4 live courses: Power BI, Informatica, Tableau and more.","Edureka's Business Intelligence Masters Program makes you proficient in tools and systems used by Business Intelligence Professionals. This Business Intelligence certification course includes in-depth training on Data Warehousing and BI, Power BI, Informatica, and Tableau. The Business Intelligence Course curriculum has been determined by extensive research on 5000+ job descriptions across the globe. If you are willing to start a career in business intelligence. In that case, our Business Intelligence Masters Program will help you mine that data and enhance the decision-making processes throughout your organization.",0,2,0,0,4.934782608695652,0,English,English,Edureka,Edureka,https://d1jnx9ba8s6j9r.cloudfront.net/imgver.1679557636/img/Edureka_V_W_logo.webp
Data Science Training Masters Program,https://www.edureka.co/data-scientist-certification?qId=54920b0a1b509b32fb5cb4c8449818ba&index_name=prod_search_results_courses&objId=584&objPos=4,Computer Science,"Includes 5 Live courses: R/Python, Machine Learning, Spark and more.","Data Science Masters Program makes you proficient in tools and systems used by Data Science Professionals. It includes training in Statistics, Data Science, Python, Apache Spark &amp; Scala, Tensorflow, and Tableau. The Data Science Training curriculum has been determined by extensive research on 5000+ job descriptions across the globe.",0,2,0,0,4.934782608695652,0,English,English,Edureka,Edureka,https://d1jnx9ba8s6j9r.cloudfront.net/imgver.1679557636/img/Edureka_V_W_logo.webp
Python Certification Training Course,https://www.edureka.co/python-programming-certification-training?qId=54920b0a1b509b32fb5cb4c8449818ba&index_name=prod_search_results_courses&objId=1906&objPos=5,Computer Science,"Includes Python Libraries, OOPS, GUI Programming, + 6 more",,0,1,0,42052.0,5.0,0,English,English,Edureka,Edureka,https://d1jnx9ba8s6j9r.cloudfront.net/imgver.1679557636/img/Edureka_V_W_logo.webp
Post Graduate Diploma in Artificial Intelligence Course,https://www.edureka.co/machine-learning-and-ai?qId=54920b0a1b509b32fb5cb4c8449818ba&index_name=prod_search_results_courses&objId=1268&objPos=6,Computer Science,"Includes ML Algorithms, Tensorflow 2.0, NLP, Sequence Learning, and more",,0,2,0,0,4.934782608695652,0,English,English,Edureka,Edureka,https://d1jnx9ba8s6j9r.cloudfront.net/imgver.1679557636/img/Edureka_V_W_logo.webp
React JS Certification Training Course,https://www.edureka.co/reactjs-redux-certification-training?qId=54920b0a1b509b32fb5cb4c8449818ba&index_name=prod_search_results_courses&objId=884&objPos=7,Computer Science,"Build robust applications using React concepts such as JSX, Redux + 6 more",,0,1,1,10764.0,5.0,0,English,English,Edureka,Edureka,https://d1jnx9ba8s6j9r.cloudfront.net/imgver.1679557636/img/Edureka_V_W_logo.webp
Java Certification Training Course,https://www.edureka.co/java-j2ee-training-course?qId=54920b0a1b509b32fb5cb4c8449818ba&index_name=prod_search_results_courses&objId=44&objPos=8,Computer Science,"Includes Functions, OOP, Servlets, JSP, Hibernate, Spring and many more",,0,1,1,66923.0,4.0,0,English,English,Edureka,Edureka,https://d1jnx9ba8s6j9r.cloudfront.net/imgver.1679557636/img/Edureka_V_W_logo.webp
Data Analytics Masters Program,https://www.edureka.co/data-analyst-certification?qId=54920b0a1b509b32fb5cb4c8449818ba&index_name=prod_search_results_courses&objId=479&objPos=9,Computer Science,"Includes 3 live courses: R, Tableau, Power BI and more.","Edureka Data Analyst Course makes you proficient in tools and systems used by Data Analytics Professionals. It includes in-depth training on Statistics, Data Analytics with R and Tableau. Edureka Data Analytics Master Program curriculum has been determined by extensive research on 5000+ job descriptions across the globe.",0,2,0,0,4.934782608695652,0,English,English,Edureka,Edureka,https://d1jnx9ba8s6j9r.cloudfront.net/imgver.1679557636/img/Edureka_V_W_logo.webp
Certified Ethical Hacking Course - CEH v12,https://www.edureka.co/ceh-ethical-hacking-certification-course?qId=54920b0a1b509b32fb5cb4c8449818ba&index_name=prod_search_results_courses&objId=1982&objPos=10,Computer Science,"Includes Vulnerability Analysis, System Hacking, Cryptography and more.",,0,1,1,9153.0,5.0,0,English,English,Edureka,Edureka,https://d1jnx9ba8s6j9r.cloudfront.net/imgver.1679557636/img/Edureka_V_W_logo.webp
Microservices Certification Training Course,https://www.edureka.co/microservices-architecture-training?qId=54920b0a1b509b32fb5cb4c8449818ba&index_name=prod_search_results_courses&objId=1872&objPos=11,Computer Science,"Develop Microservices based solution including Design, Security, Testing",,0,1,0,12016.0,5.0,0,English,English,Edureka,Edureka,https://d1jnx9ba8s6j9r.cloudfront.net/imgver.1679557636/img/Edureka_V_W_logo.webp
Angular Certification Training Course,https://www.edureka.co/angular-training?qId=54920b0a1b509b32fb5cb4c8449818ba&index_name=prod_search_results_courses&objId=1559&objPos=12,Computer Science,"Includes Angular concepts such as Directives, Services, Routing + 6 more",,0,1,1,20677.0,5.0,0,English,English,Edureka,Edureka,https://d1jnx9ba8s6j9r.cloudfront.net/imgver.1679557636/img/Edureka_V_W_logo.webp
Data Science with Python Certification Course,https://www.edureka.co/data-science-python-certification-course?qId=54920b0a1b509b32fb5cb4c8449818ba&index_name=prod_search_results_courses&objId=1937&objPos=13,Computer Science,"Includes Python, ML, Recommender System, Time Series Analysis & More",,0,1,0,112877.0,5.0,0,English,English,Edureka,Edureka,https://d1jnx9ba8s6j9r.cloudfront.net/imgver.1679557636/img/Edureka_V_W_logo.webp
ChatGPT Complete Course: Beginners to Advanced,https://www.edureka.co/openai-chatgpt-training-course?qId=54920b0a1b509b32fb5cb4c8449818ba&index_name=prod_search_results_courses&objId=2186&objPos=14,Computer Science,"Includes: NLP, OpenAI API, ChatGPT Use Cases, Deploying ChatGPT and more",,0,1,0,1605.0,5.0,0,English,English,Edureka,Edureka,https://d1jnx9ba8s6j9r.cloudfront.net/imgver.1679557636/img/Edureka_V_W_logo.webp
Kubernetes Certification Training Course: Administrator (CKA),https://www.edureka.co/kubernetes-certification?qId=54920b0a1b509b32fb5cb4c8449818ba&index_name=prod_search_results_courses&objId=922&objPos=15,Computer Science,"Learn to set up Kubernetes Cluster, Networking, Cluster Security +5 more",,0,1,1,10617.0,5.0,0,English,English,Edureka,Edureka,https://d1jnx9ba8s6j9r.cloudfront.net/imgver.1679557636/img/Edureka_V_W_logo.webp
Python Masters Program,https://www.edureka.co/python-developer-training?qId=54920b0a1b509b32fb5cb4c8449818ba&index_name=prod_search_results_courses&objId=1062&objPos=16,Computer Science,"Includes 5 Live courses: Python, Machine Learning, NLP, Spark and more.","Edureka’s Python Developer Masters program will help you become an expert in Python and opens a career opportunity in various domains such as Machine Learning, Data Science, Big Data, Web Development.Python is a premier, flexible, and powerful open-source language
that is easy to learn, easy to use, and has powerful libraries for data
manipulation and analysis. For over a decade, Python has been used in
scientific computing and highly quantitative domains such as Finance, Oil and
Gas, Physics, and Signal Processing. Today, it is the most preferred language
for Artificial Intelligence (AI), Robotics, Web Development, and Big Data.",0,2,0,0,4.934782608695652,0,English,English,Edureka,Edureka,https://d1jnx9ba8s6j9r.cloudfront.net/imgver.1679557636/img/Edureka_V_W_logo.webp
Cyber Security Masters Program,https://www.edureka.co/cybersecurity-training?qId=54920b0a1b509b32fb5cb4c8449818ba&index_name=prod_search_results_courses&objId=1591&objPos=17,Computer Science,"Includes 5 courses: Linux, Cybersecurity, CompTIA Security+ and more.","Edureka’s Cyber Security Masters program is designed to meet the industry benchmarks and will help you master foundational skills that are needed to pursue a career in IT security. This masters in cyber security courses focuses on core cybersecurity skills which are indispensable for cybersecurity professionals. Throughout the program, you will learn important concepts such as risk management, risk mitigation, threat management, ethical hacking, cryptography, computer networks & security, application security, and various security practices for businesses along with hands-on demonstrations.",0,2,0,0,4.934782608695652,0,English,English,Edureka,Edureka,https://d1jnx9ba8s6j9r.cloudfront.net/imgver.1679557636/img/Edureka_V_W_logo.webp
Designing Microsoft Azure Architect Certification Course,https://www.edureka.co/microsoft-certified-azure-solution-architect-certification-training?qId=54920b0a1b509b32fb5cb4c8449818ba&index_name=prod_search_results_courses&objId=1751&objPos=18,Computer Science,"Architect Cloud Solutions using Azure resources: Compute, Network & more",,0,1,0,15660.0,5.0,0,English,English,Edureka,Edureka,https://d1jnx9ba8s6j9r.cloudfront.net/imgver.1679557636/img/Edureka_V_W_logo.webp
Certified Scrum Master® (CSM) Certification Training,https://www.edureka.co/certified-scrum-master-certification-training?qId=561af44fc0473cd3a94c1a8f546b976a&index_name=prod_search_results_courses&objId=883&objPos=1,Computer Science,"Includes Scrum Concepts: Agile, Sprint, Product and Release Planning & more",,0,1,0,0,4.934782608695652,0,English,English,Edureka,Edureka,https://d1jnx9ba8s6j9r.cloudfront.net/imgver.1679557636/img/Edureka_V_W_logo.webp
Big Data Architect Masters Program,https://www.edureka.co/big-data-architect-training?qId=561af44fc0473cd3a94c1a8f546b976a&index_name=prod_search_results_courses&objId=585&objPos=2,Computer Science,"Includes 5 Live courses: Hadoop, Spark, Cassandra, Talend, Kafka, and more.","Big Data Architect Masters Program makes you proficient in tools and systems used by Big Data experts. This Big Data Masters Course  includes training on Hadoop and Spark stack, Cassandra, Talend and Apache Kafka messaging system. The curriculum of our Big Data Online Courses has been determined by extensive research on 5000+ job descriptions across the globe. Edureka's comprehensive Big Data training course is designed by Industry top experts with real time project experience.",0,2,0,0,4.934782608695652,0,English,English,Edureka,Edureka,https://d1jnx9ba8s6j9r.cloudfront.net/imgver.1679557636/img/Edureka_V_W_logo.webp
Google Cloud Platform (GCP) Certification Training Course,https://www.edureka.co/google-cloud-architect-certification-training?qId=561af44fc0473cd3a94c1a8f546b976a&index_name=prod_search_results_courses&objId=1326&objPos=3,Computer Science,"Includes: GCP Compute, Storage, DevOps & Automation +8 more",,0,1,1,15016.0,5.0,0,English,English,Edureka,Edureka,https://d1jnx9ba8s6j9r.cloudfront.net/imgver.1679557636/img/Edureka_V_W_logo.webp
Microsoft SQL Server Certification Course,https://www.edureka.co/microsoft-sql-server-certification-training?qId=561af44fc0473cd3a94c1a8f546b976a&index_name=prod_search_results_courses&objId=2153&objPos=4,Computer Science,"Includes RDBMS, DDL, DML, Advanced SQL, User Administration & many more",,0,1,1,543.0,5.0,0,English,English,Edureka,Edureka,https://d1jnx9ba8s6j9r.cloudfront.net/imgver.1679557636/img/Edureka_V_W_logo.webp
Machine Learning Course Masters Program,https://www.edureka.co/machine-learning-engineer-training?qId=561af44fc0473cd3a94c1a8f546b976a&index_name=prod_search_results_courses&objId=781&objPos=5,Computer Science,"Includes 5 Live courses: Python, ML Algorithms, Tensorflow 2.0, and more.","Edureka’s Masters in Machine Learning Program makes you proficient in techniques like Supervised Learning, Unsupervised Learning and Natural Language Processing. Our Machine learning course includes training on the latest advancements and technical approaches in Artificial Intelligence &amp; Machine Learning such as Deep Learning, Graphical Models and Reinforcement Learning.",0,2,0,0,4.934782608695652,0,English,English,Edureka,Edureka,https://d1jnx9ba8s6j9r.cloudfront.net/imgver.1679557636/img/Edureka_V_W_logo.webp
Microsoft Azure DevOps Certification Training Course (AZ-400),https://www.edureka.co/microsoft-azure-devops-solutions-training?qId=561af44fc0473cd3a94c1a8f546b976a&index_name=prod_search_results_courses&objId=1308&objPos=6,Computer Science,"Includes Azure DevOps Services, CI/CD pipeline &7 more",,0,1,1,3371.0,5.0,0,English,English,Edureka,Edureka,https://d1jnx9ba8s6j9r.cloudfront.net/imgver.1679557636/img/Edureka_V_W_logo.webp
RPA using UiPath Certification Training,https://www.edureka.co/robotic-process-automation-training?qId=561af44fc0473cd3a94c1a8f546b976a&index_name=prod_search_results_courses&objId=1362&objPos=7,Computer Science,"Set up UiPath CE, Orchestrator, Automate Excel and Web Activities, & more",,0,1,1,31634.0,5.0,0,English,English,Edureka,Edureka,https://d1jnx9ba8s6j9r.cloudfront.net/imgver.1679557636/img/Edureka_V_W_logo.webp
PySpark Certification Training Course,https://www.edureka.co/pyspark-certification-training?qId=561af44fc0473cd3a94c1a8f546b976a&index_name=prod_search_results_courses&objId=651&objPos=8,Computer Science,"Includes Python, Spark RDD, Spark SQL, Spark MLlib & Kafka +3 more",,0,1,1,8370.0,5.0,0,English,English,Edureka,Edureka,https://d1jnx9ba8s6j9r.cloudfront.net/imgver.1679557636/img/Edureka_V_W_logo.webp
Microsoft Azure Administrator Certification Training: AZ-104,https://www.edureka.co/microsoft-azure-administrator-certification-training?qId=561af44fc0473cd3a94c1a8f546b976a&index_name=prod_search_results_courses&objId=1202&objPos=9,Computer Science,"Includes Azure Virtual Machines, Storage, Monitoring & Azure AD +5 more",,0,1,0,0,4.934782608695652,0,English,English,Edureka,Edureka,https://d1jnx9ba8s6j9r.cloudfront.net/imgver.1679557636/img/Edureka_V_W_logo.webp
CompTIA Security+ Certification Training - SY0-601 Exam,https://www.edureka.co/comptia-security-plus-certification-training?qId=561af44fc0473cd3a94c1a8f546b976a&index_name=prod_search_results_courses&objId=1217&objPos=10,Computer Science,"Includes Network Security, Wireless Security, IdAM, Risk Management & more",,0,1,0,5615.0,5.0,0,English,English,Edureka,Edureka,https://d1jnx9ba8s6j9r.cloudfront.net/imgver.1679557636/img/Edureka_V_W_logo.webp
Informatica Certification Training Course,https://www.edureka.co/informatica-certification-training?qId=561af44fc0473cd3a94c1a8f546b976a&index_name=prod_search_results_courses&objId=442&objPos=11,Computer Science,"Includes: Data Integration, Transformations, Tasks, Workflows & more",,0,1,1,19693.0,5.0,0,English,English,Edureka,Edureka,https://d1jnx9ba8s6j9r.cloudfront.net/imgver.1679557636/img/Edureka_V_W_logo.webp
Spring Framework Certification Course,https://www.edureka.co/spring-certification-course?qId=561af44fc0473cd3a94c1a8f546b976a&index_name=prod_search_results_courses&objId=62&objPos=13,Computer Science,"Develop web applications by mastering Spring web, security and more",,0,1,1,10251.0,5.0,0,English,English,Edureka,Edureka,https://d1jnx9ba8s6j9r.cloudfront.net/imgver.1679557636/img/Edureka_V_W_logo.webp
Linux Administration Certification Training Course,https://www.edureka.co/linux-admin?qId=561af44fc0473cd3a94c1a8f546b976a&index_name=prod_search_results_courses&objId=64&objPos=14,Computer Science,"Includes: Linux system basics, security and network management & more.",,0,1,0,0,4.934782608695652,0,English,English,Edureka,Edureka,https://d1jnx9ba8s6j9r.cloudfront.net/imgver.1679557636/img/Edureka_V_W_logo.webp
Apache Kafka Certification Training Course,https://www.edureka.co/kafka-certification-training?qId=561af44fc0473cd3a94c1a8f546b976a&index_name=prod_search_results_courses&objId=510&objPos=15,Computer Science,Create real-time data pipelines using Kafka and its APIs,,0,1,1,7514.0,5.0,0,English,English,Edureka,Edureka,https://d1jnx9ba8s6j9r.cloudfront.net/imgver.1679557636/img/Edureka_V_W_logo.webp
AWS Developer Certification Training,https://www.edureka.co/aws-developer-certification-training?qId=561af44fc0473cd3a94c1a8f546b976a&index_name=prod_search_results_courses&objId=164&objPos=16,Computer Science,Develop SaaS applications in AWS using high availability and more,,0,1,1,11457.0,4.0,0,English,English,Edureka,Edureka,https://d1jnx9ba8s6j9r.cloudfront.net/imgver.1679557636/img/Edureka_V_W_logo.webp
Salesforce Platform Developer 1 Certification Training,https://www.edureka.co/salesforce-platform-developer-1-certification-training?qId=561af44fc0473cd3a94c1a8f546b976a&index_name=prod_search_results_courses&objId=803&objPos=17,Computer Science,"Includes APEX Programming, SOQL/SOSL Query, Deployment Strategy, and more",,0,1,0,0,4.934782608695652,0,English,English,Edureka,Edureka,https://d1jnx9ba8s6j9r.cloudfront.net/imgver.1679557636/img/Edureka_V_W_logo.webp
Big Data Hadoop Certification Training Course,https://www.edureka.co/big-data-hadoop-training-certification?qId=561af44fc0473cd3a94c1a8f546b976a&index_name=prod_search_results_courses&objId=888&objPos=18,Computer Science,"Includes: Big Data & Hadoop Ecosystem tools - HDFS, MapReduce, Hive & More",,0,1,0,0,4.934782608695652,0,English,English,Edureka,Edureka,https://d1jnx9ba8s6j9r.cloudfront.net/imgver.1679557636/img/Edureka_V_W_logo.webp
ITIL® 4 Foundation Certification Training Course,https://www.edureka.co/itil4-foundation-certification-training?qId=561af44fc0473cd3a94c1a8f546b976a&index_name=prod_search_results_courses&objId=891&objPos=12,Computer Science,Includes Key Aspects of Service Management and many more,,0,1,0,0,4.934782608695652,0,English,English,Edureka,Edureka,https://d1jnx9ba8s6j9r.cloudfront.net/imgver.1679557636/img/Edureka_V_W_logo.webp
Digital Marketing Course ,https://www.edureka.co/digital-marketing?qId=aea9f2a592e31fb6536f6aad0f05de12&index_name=prod_search_results_courses&objId=1282&objPos=1,Computer Science,"Includes: SEO, Google Analytics, Social Media Marketing & More",,0,1,0,10588.0,5.0,0,English,English,Edureka,Edureka,https://d1jnx9ba8s6j9r.cloudfront.net/imgver.1679557636/img/Edureka_V_W_logo.webp
AWS DevOps Engineer Certification Training Course,https://www.edureka.co/aws-certified-devops-training?qId=aea9f2a592e31fb6536f6aad0f05de12&index_name=prod_search_results_courses&objId=782&objPos=2,Computer Science,"Automate Infrastructure using CloudFormation, OpsWorks, Beanstalk & more",,0,1,1,7549.0,5.0,0,English,English,Edureka,Edureka,https://d1jnx9ba8s6j9r.cloudfront.net/imgver.1679557636/img/Edureka_V_W_logo.webp
Microsoft Azure Developer Associate Certification: AZ-204,https://www.edureka.co/microsoft-azure-developer-associate-certification-training-course?qId=aea9f2a592e31fb6536f6aad0f05de12&index_name=prod_search_results_courses&objId=1136&objPos=3,Computer Science,Develop Azure Cloud based Solutions and prepare for the Exam AZ-204,,0,1,0,0,4.934782608695652,0,English,English,Edureka,Edureka,https://d1jnx9ba8s6j9r.cloudfront.net/imgver.1679557636/img/Edureka_V_W_logo.webp
Apache Spark and Scala Certification Training Course,https://www.edureka.co/apache-spark-scala-certification-training?qId=aea9f2a592e31fb6536f6aad0f05de12&index_name=prod_search_results_courses&objId=889&objPos=4,Computer Science,"Includes Scala, Spark RDD, Spark SQL, Spark MLlib & Kafka +5 more",,0,1,1,28992.0,5.0,0,English,English,Edureka,Edureka,https://d1jnx9ba8s6j9r.cloudfront.net/imgver.1679557636/img/Edureka_V_W_logo.webp
Advanced Certificate Program in Data Science,https://www.edureka.co/advanced-program-data-science-course-iitg?qId=aea9f2a592e31fb6536f6aad0f05de12&index_name=prod_search_results_courses&objId=2047&objPos=5,Computer Science,"Includes Python, Machine Learning, Deep Learning, Tableau, and more",,0,2,0,0,4.934782608695652,0,English,English,Edureka,Edureka,https://d1jnx9ba8s6j9r.cloudfront.net/imgver.1679557636/img/Edureka_V_W_logo.webp
RPA Developer Masters Program,https://www.edureka.co/rpa-developer-training?qId=aea9f2a592e31fb6536f6aad0f05de12&index_name=prod_search_results_courses&objId=1067&objPos=6,Computer Science,"Includes 2 live courses: UiPath, Automation Anywhere and more.",Edureka's RPA Developer Masters program will prepare you for the UiPath's RPA Developer Advanced Certification Exam and for the Automation Anywhere Certified Advanced RPA Professional Certification Exam. You will also be able to drive RPA initiatives in your organization by learning the key concepts to design RPA solutions using UiPath Community Edition and Automation Anywhere Enterprise Edition.,0,2,0,0,4.934782608695652,0,English,English,Edureka,Edureka,https://d1jnx9ba8s6j9r.cloudfront.net/imgver.1679557636/img/Edureka_V_W_logo.webp
Android Certification Training Course,https://www.edureka.co/android-development-certification-course?qId=aea9f2a592e31fb6536f6aad0f05de12&index_name=prod_search_results_courses&objId=318&objPos=7,Computer Science,Master android platform and develop mobile applications for various domains,,0,1,0,0,4.934782608695652,0,English,English,Edureka,Edureka,https://d1jnx9ba8s6j9r.cloudfront.net/imgver.1679557636/img/Edureka_V_W_logo.webp
MSBI Certification Training Course,https://www.edureka.co/microsoft-bi-certification?qId=aea9f2a592e31fb6536f6aad0f05de12&index_name=prod_search_results_courses&objId=594&objPos=8,Computer Science,"Includes: SSIS, SSAS, SSRS,Cube Design, Deployment, MDX, DAX and More",,0,1,1,14001.0,5.0,0,English,English,Edureka,Edureka,https://d1jnx9ba8s6j9r.cloudfront.net/imgver.1679557636/img/Edureka_V_W_logo.webp
Splunk Certification Training: Power User and Admin,https://www.edureka.co/splunk-certification-training?qId=aea9f2a592e31fb6536f6aad0f05de12&index_name=prod_search_results_courses&objId=512&objPos=9,Computer Science,Learn to manage and configure Splunk cluster to monitor and analyze data.,,0,1,0,0,4.934782608695652,0,English,English,Edureka,Edureka,https://d1jnx9ba8s6j9r.cloudfront.net/imgver.1679557636/img/Edureka_V_W_logo.webp
Manual Testing Certification Training Course Online,https://www.edureka.co/software-testing?qId=aea9f2a592e31fb6536f6aad0f05de12&index_name=prod_search_results_courses&objId=106&objPos=11,Computer Science,Learn and perform black box tests on your application to minimise risks,,0,1,0,7485.0,5.0,0,English,English,Edureka,Edureka,https://d1jnx9ba8s6j9r.cloudfront.net/imgver.1679557636/img/Edureka_V_W_logo.webp
Python Machine Learning Certification Training,https://www.edureka.co/machine-learning-certification-training?qId=aea9f2a592e31fb6536f6aad0f05de12&index_name=prod_search_results_courses&objId=542&objPos=12,Computer Science,"Includes Supervised, Unsupervised, Reinforcement learning & more",,0,1,0,13572.0,5.0,0,English,English,Edureka,Edureka,https://d1jnx9ba8s6j9r.cloudfront.net/imgver.1679557636/img/Edureka_V_W_logo.webp
Web Developer Certification Training Course,https://www.edureka.co/complete-web-developer?qId=aea9f2a592e31fb6536f6aad0f05de12&index_name=prod_search_results_courses&objId=161&objPos=13,Computer Science,"Build impressive websites using HTML5, CSS3, Google APIs and many more",,0,1,1,10395.0,5.0,0,English,English,Edureka,Edureka,https://d1jnx9ba8s6j9r.cloudfront.net/imgver.1679557636/img/Edureka_V_W_logo.webp
Professional Scrum Master (PSM) Certification Training,https://www.edureka.co/professional-scrum-master-psm-certification-training?qId=aea9f2a592e31fb6536f6aad0f05de12&index_name=prod_search_results_courses&objId=892&objPos=15,Computer Science,"Includes concepts of Agile, Scrum Framework, Executing Scrum in teams",,0,1,0,0,4.934782608695652,0,English,English,Edureka,Edureka,https://d1jnx9ba8s6j9r.cloudfront.net/imgver.1679557636/img/Edureka_V_W_logo.webp
Performance Testing Using JMeter,https://www.edureka.co/jmeter-training-performance-testing?qId=aea9f2a592e31fb6536f6aad0f05de12&index_name=prod_search_results_courses&objId=811&objPos=16,Computer Science,Perform functional and load tests on your applications using Jmeter,,0,1,0,0,4.934782608695652,0,English,English,Edureka,Edureka,https://d1jnx9ba8s6j9r.cloudfront.net/imgver.1679557636/img/Edureka_V_W_logo.webp
PRINCE2® 6th Edition Foundation & Practitioner Certification Training Course,https://www.edureka.co/prince2-foundation-and-practitioner-certification-training?qId=aea9f2a592e31fb6536f6aad0f05de12&index_name=prod_search_results_courses&objId=1149&objPos=17,Computer Science,"Manage projects through elements, principles & processes of PRINCE2®",,0,1,0,0,4.934782608695652,0,English,English,Edureka,Edureka,https://d1jnx9ba8s6j9r.cloudfront.net/imgver.1679557636/img/Edureka_V_W_logo.webp
Docker Certification Training Course,https://www.edureka.co/docker-training?qId=aea9f2a592e31fb6536f6aad0f05de12&index_name=prod_search_results_courses&objId=1068&objPos=18,Computer Science,"Includes Docker Containers, Docker Compose, Docker Swarm + 5 more",,0,1,1,7058.0,5.0,0,English,English,Edureka,Edureka,https://d1jnx9ba8s6j9r.cloudfront.net/imgver.1679557636/img/Edureka_V_W_logo.webp
SQL Essentials Training,https://www.edureka.co/sql-essentials-training?qId=aea9f2a592e31fb6536f6aad0f05de12&index_name=prod_search_results_courses&objId=528&objPos=10,Computer Science,"Learn to DDL, DML, DCL, TCL, Advanced database projects & many more",,0,1,0,0,4.934782608695652,0,English,English,Edureka,Edureka,https://d1jnx9ba8s6j9r.cloudfront.net/imgver.1679557636/img/Edureka_V_W_logo.webp
PMI® Agile Certified Practitioner Training,https://www.edureka.co/pmi-acp?qId=aea9f2a592e31fb6536f6aad0f05de12&index_name=prod_search_results_courses&objId=685&objPos=14,Computer Science,"Self-paced course includes Agile, Adaptive Planning, PMI-ACP Tips & more",,0,1,0,0,4.934782608695652,0,English,English,Edureka,Edureka,https://d1jnx9ba8s6j9r.cloudfront.net/imgver.1679557636/img/Edureka_V_W_logo.webp
Node.js Certification Training Course,https://www.edureka.co/nodejs-certification-training?qId=5d1cddb4791cfa0bdf6c6aefed8b0f02&index_name=prod_search_results_courses&objId=1905&objPos=1,Computer Science,"Develop applications using Express Framework, MongoDB, Rest APIs + 4 more",,0,1,1,8584.0,5.0,0,English,English,Edureka,Edureka,https://d1jnx9ba8s6j9r.cloudfront.net/imgver.1679557636/img/Edureka_V_W_logo.webp
Blockchain Developer Certification Course,https://www.edureka.co/blockchain-training?qId=5d1cddb4791cfa0bdf6c6aefed8b0f02&index_name=prod_search_results_courses&objId=879&objPos=2,Computer Science,"Includes Bitcoin, Ethereum, Hyperledger, MultiChain. + 3 more",,0,1,0,0,4.934782608695652,0,English,English,Edureka,Edureka,https://d1jnx9ba8s6j9r.cloudfront.net/imgver.1679557636/img/Edureka_V_W_logo.webp
CSPO® Certification Training Course,https://www.edureka.co/cspo-certification-training?qId=5d1cddb4791cfa0bdf6c6aefed8b0f02&index_name=prod_search_results_courses&objId=893&objPos=4,Computer Science,"Includes Product Management concepts: Scrum, Estimation, Release & more",,0,1,0,0,4.934782608695652,0,English,English,Edureka,Edureka,https://d1jnx9ba8s6j9r.cloudfront.net/imgver.1679557636/img/Edureka_V_W_logo.webp
Migrating Applications to AWS Training,https://www.edureka.co/migrating-to-aws?qId=5d1cddb4791cfa0bdf6c6aefed8b0f02&index_name=prod_search_results_courses&objId=620&objPos=5,Computer Science,"Plan & Migrate On-premise infrastructure using AWS DMS, SMS & many more",,0,1,1,5850.0,5.0,0,English,English,Edureka,Edureka,https://d1jnx9ba8s6j9r.cloudfront.net/imgver.1679557636/img/Edureka_V_W_logo.webp
MongoDB Certification Training Course,https://www.edureka.co/mongodb-certification-training?qId=5d1cddb4791cfa0bdf6c6aefed8b0f02&index_name=prod_search_results_courses&objId=515&objPos=6,Computer Science,"Includes MongoDB Architecture, Schema Design, Administration & many more",,0,1,0,16380.0,4.0,0,English,English,Edureka,Edureka,https://d1jnx9ba8s6j9r.cloudfront.net/imgver.1679557636/img/Edureka_V_W_logo.webp
Advanced Executive Certificate in Supply Chain Strategy and Operations Management,https://www.edureka.co/advanced-program-in-operations-supply-chain-project-management-iitg?qId=5d1cddb4791cfa0bdf6c6aefed8b0f02&index_name=prod_search_results_courses&objId=1861&objPos=7,Computer Science,"Includes Operations, Supply chain management, Project management and more.",,0,0,0,0,4.934782608695652,0,English,English,Edureka,Edureka,https://d1jnx9ba8s6j9r.cloudfront.net/imgver.1679557636/img/Edureka_V_W_logo.webp
Big Data Hadoop Administration Certification Training,https://www.edureka.co/hadoop-administration-training-certification?qId=5d1cddb4791cfa0bdf6c6aefed8b0f02&index_name=prod_search_results_courses&objId=631&objPos=8,Computer Science,"Includes Hadoop Cluster Setup & Administration, Cloudera Hadoop & many more",,0,1,0,0,4.934782608695652,0,English,English,Edureka,Edureka,https://d1jnx9ba8s6j9r.cloudfront.net/imgver.1679557636/img/Edureka_V_W_logo.webp
AWS SysOps Administrator Certification Training,https://www.edureka.co/aws-sysops-certification-training?qId=5d1cddb4791cfa0bdf6c6aefed8b0f02&index_name=prod_search_results_courses&objId=462&objPos=9,Computer Science,"Deploy & manage scalable system using Compute, Storage & many more services",,0,1,1,3885.0,5.0,0,English,English,Edureka,Edureka,https://d1jnx9ba8s6j9r.cloudfront.net/imgver.1679557636/img/Edureka_V_W_logo.webp
Data Warehousing and BI Certification Training,https://www.edureka.co/data-warehousing-and-bi?qId=5d1cddb4791cfa0bdf6c6aefed8b0f02&index_name=prod_search_results_courses&objId=145&objPos=10,Computer Science,"Includes: Architecture, Data Modeling, Talend Open Studio, Tableau and more",,0,1,0,0,4.934782608695652,0,English,English,Edureka,Edureka,https://d1jnx9ba8s6j9r.cloudfront.net/imgver.1679557636/img/Edureka_V_W_logo.webp
Software Testing Fundamentals Course,https://www.edureka.co/software-testing-fundamentals-training?qId=5d1cddb4791cfa0bdf6c6aefed8b0f02&index_name=prod_search_results_courses&objId=795&objPos=14,Computer Science,"Includes software testing life cycle , writing test-cases +5 more",,0,1,0,0,4.934782608695652,0,English,English,Edureka,Edureka,https://d1jnx9ba8s6j9r.cloudfront.net/imgver.1679557636/img/Edureka_V_W_logo.webp
Python Django Certification Training Course,https://www.edureka.co/python-django?qId=5d1cddb4791cfa0bdf6c6aefed8b0f02&index_name=prod_search_results_courses&objId=1215&objPos=16,Computer Science,"Includes: Python OOPs, Django Web Framework, Dynamic Web Pages, and more",,0,1,1,7542.0,5.0,0,English,English,Edureka,Edureka,https://d1jnx9ba8s6j9r.cloudfront.net/imgver.1679557636/img/Edureka_V_W_logo.webp
Advanced Executive Certificate in Business Management in Digital Era,https://www.edureka.co/advanced-executive-program-digital-business-management-iitg?qId=5d1cddb4791cfa0bdf6c6aefed8b0f02&index_name=prod_search_results_courses&objId=1969&objPos=17,Computer Science,Advanced Executive Certificate in Business Management in Digital Era,,0,2,0,0,4.934782608695652,0,English,English,Edureka,Edureka,https://d1jnx9ba8s6j9r.cloudfront.net/imgver.1679557636/img/Edureka_V_W_logo.webp
Apache Cassandra Certification  Training,https://www.edureka.co/cassandra?qId=5d1cddb4791cfa0bdf6c6aefed8b0f02&index_name=prod_search_results_courses&objId=509&objPos=18,Computer Science,"Includes: Architecture, Operations, Managing Cluster and hosting on cloud",,0,1,0,0,4.934782608695652,0,English,English,Edureka,Edureka,https://d1jnx9ba8s6j9r.cloudfront.net/imgver.1679557636/img/Edureka_V_W_logo.webp
Snowflake Certification Training Course,https://www.edureka.co/snowflake-certification-training?qId=5d1cddb4791cfa0bdf6c6aefed8b0f02&index_name=prod_search_results_courses&objId=1587&objPos=3,Computer Science,"Includes Snowflake fundamentals, data sharing and many more",,0,1,0,0,4.934782608695652,0,English,English,Edureka,Edureka,https://d1jnx9ba8s6j9r.cloudfront.net/imgver.1679557636/img/Edureka_V_W_logo.webp
Apache Solr Certification Training,https://www.edureka.co/apache-solr-self-paced?qId=5d1cddb4791cfa0bdf6c6aefed8b0f02&index_name=prod_search_results_courses&objId=570&objPos=11,Computer Science,"Includes Lucene library, Solr indexing, solr admin, solr cloud and more",,0,1,0,0,4.934782608695652,0,English,English,Edureka,Edureka,https://d1jnx9ba8s6j9r.cloudfront.net/imgver.1679557636/img/Edureka_V_W_logo.webp
Unix Shell Scripting Certification Training,https://www.edureka.co/unix?qId=5d1cddb4791cfa0bdf6c6aefed8b0f02&index_name=prod_search_results_courses&objId=1407&objPos=12,Computer Science,"Includes Utility commands, Shell Operations & many more",,0,1,0,0,4.934782608695652,0,English,English,Edureka,Edureka,https://d1jnx9ba8s6j9r.cloudfront.net/imgver.1679557636/img/Edureka_V_W_logo.webp
Microsoft .NET Framework Certification Training,https://www.edureka.co/microsoft-dotnet-framework-self-paced?qId=5d1cddb4791cfa0bdf6c6aefed8b0f02&index_name=prod_search_results_courses&objId=1531&objPos=13,Computer Science,"SP course includes: Visual Studio IDE, ADO.NET & more",,0,1,0,0,4.934782608695652,0,English,English,Edureka,Edureka,https://d1jnx9ba8s6j9r.cloudfront.net/imgver.1679557636/img/Edureka_V_W_logo.webp
Linux Fundamentals Certification Training,https://www.edureka.co/linux-fundamentals-self-paced?qId=5d1cddb4791cfa0bdf6c6aefed8b0f02&index_name=prod_search_results_courses&objId=598&objPos=15,Computer Science,"Learn how to operate, manage, and maintain your linux environment",,0,1,0,0,4.934782608695652,0,English,English,Edureka,Edureka,https://d1jnx9ba8s6j9r.cloudfront.net/imgver.1679557636/img/Edureka_V_W_logo.webp
Continuous Testing in DevOps,https://www.edureka.co/continuous-testing-devops-training?qId=b3dcad852ee1431a3b8c950a8e3ee3c2&index_name=prod_search_results_courses&objId=796&objPos=1,Computer Science,Understand how testing can be integrated within your DevOps lifecycle.,,0,1,0,0,4.934782608695652,0,English,English,Edureka,Edureka,https://d1jnx9ba8s6j9r.cloudfront.net/imgver.1679557636/img/Edureka_V_W_logo.webp
Data Science with R Programming Certification Training Course,https://www.edureka.co/data-science-r-programming-certification-course?qId=b3dcad852ee1431a3b8c950a8e3ee3c2&index_name=prod_search_results_courses&objId=338&objPos=3,Computer Science,"Includes R, ML, Recommender Engines, DL, Text Mining and More",,0,1,0,39718.0,5.0,0,English,English,Edureka,Edureka,https://d1jnx9ba8s6j9r.cloudfront.net/imgver.1679557636/img/Edureka_V_W_logo.webp
Data Analytics with R Programming Certification Training,https://www.edureka.co/data-analytics-with-r-certification-training?qId=b3dcad852ee1431a3b8c950a8e3ee3c2&index_name=prod_search_results_courses&objId=23&objPos=4,Computer Science,"Includes Project, R, EDA, Regression and Sentiment Analysis and More",,0,1,0,26086.0,5.0,0,English,English,Edureka,Edureka,https://d1jnx9ba8s6j9r.cloudfront.net/imgver.1679557636/img/Edureka_V_W_logo.webp
Computer Science Bootcamp Program,https://www.edureka.co/computer-science-bootcamp-program?qId=b3dcad852ee1431a3b8c950a8e3ee3c2&index_name=prod_search_results_courses&objId=1565&objPos=6,Computer Science,"Includes 8 Self-paced courses: C, C++, SQL, CSS, JavaScript, and more.","Edureka’s Computer Science Bootcamp is a flagship Masters Program that will help you to gain expertise in the fundamentals of computer science. This program is curated by industry experts to equip you with the skills necessary to design, code, develop &amp; maintain websites, applications, and databases. This program will help you master C, C++, SQL, HTML, CSS, JavaScript, jQuery, and Linux. Also, this course is a boilerplate to get into cutting-edge technologies.",0,1,0,0,4.934782608695652,0,English,English,Edureka,Edureka,https://d1jnx9ba8s6j9r.cloudfront.net/imgver.1679557636/img/Edureka_V_W_logo.webp
Automation Anywhere Certification Training Course,https://www.edureka.co/automation-anywhere-certification-training?qId=b3dcad852ee1431a3b8c950a8e3ee3c2&index_name=prod_search_results_courses&objId=858&objPos=9,Computer Science,"Includes Web automation, Excel Automation, Object Cloning and many more",,0,1,0,0,4.934782608695652,0,English,English,Edureka,Edureka,https://d1jnx9ba8s6j9r.cloudfront.net/imgver.1679557636/img/Edureka_V_W_logo.webp
Talend Certification Training For Big Data Integration ,https://www.edureka.co/talend-for-big-data?qId=b3dcad852ee1431a3b8c950a8e3ee3c2&index_name=prod_search_results_courses&objId=511&objPos=10,Computer Science,"Includes: Project using Talend Open Studio, Talend DI and Talend BD, & more",,0,1,0,0,4.934782608695652,0,English,English,Edureka,Edureka,https://d1jnx9ba8s6j9r.cloudfront.net/imgver.1679557636/img/Edureka_V_W_logo.webp
Mobile App Testing Using Appium,https://www.edureka.co/appium-training-mobile-automation-testing?qId=b3dcad852ee1431a3b8c950a8e3ee3c2&index_name=prod_search_results_courses&objId=797&objPos=12,Computer Science,Automate tests on native/hybrid android applications using the Appium tool,,0,1,0,0,4.934782608695652,0,English,English,Edureka,Edureka,https://d1jnx9ba8s6j9r.cloudfront.net/imgver.1679557636/img/Edureka_V_W_logo.webp
Web Developer Masters Course Program,https://www.edureka.co/web-developer-training?qId=b3dcad852ee1431a3b8c950a8e3ee3c2&index_name=prod_search_results_courses&objId=1527&objPos=17,Computer Science,"Includes 7 Self-paced courses: SQL, HTML, CSS, and more.","Edureka’s Web Development Masters Course Program will enable you to master web development. You will be able to build the structured website using several HTML elements and make it look appealing using several CSS elements such as colors, font styles, text decoration, animations, etc. This Web Developer course is curated by industry experts to equip you with the skills necessary to design and develop dynamic, responsive, and interactive websites using JavaScript & jQuery.",0,1,0,0,4.934782608695652,0,English,English,Edureka,Edureka,https://d1jnx9ba8s6j9r.cloudfront.net/imgver.1679557636/img/Edureka_V_W_logo.webp
Comprehensive Java Course Certification Training,https://www.edureka.co/java-course-self-paced?qId=b3dcad852ee1431a3b8c950a8e3ee3c2&index_name=prod_search_results_courses&objId=14&objPos=2,Computer Science,"Includes: OOPs, Interfaces,Enums, Threads, Exception Handling & more",,0,1,0,0,4.934782608695652,0,English,English,Edureka,Edureka,https://d1jnx9ba8s6j9r.cloudfront.net/imgver.1679557636/img/Edureka_V_W_logo.webp
Teradata Certification Training,https://www.edureka.co/teradata?qId=b3dcad852ee1431a3b8c950a8e3ee3c2&index_name=prod_search_results_courses&objId=1405&objPos=5,Computer Science,"Includes: Indexes, join statetegies, data protection, utilities and more",,0,1,0,0,4.934782608695652,0,English,English,Edureka,Edureka,https://d1jnx9ba8s6j9r.cloudfront.net/imgver.1679557636/img/Edureka_V_W_logo.webp
Mastering Magento for E-Commerce Certification Training,https://www.edureka.co/magento-sp?qId=b3dcad852ee1431a3b8c950a8e3ee3c2&index_name=prod_search_results_courses&objId=219&objPos=7,Computer Science,"Includes: Design/template, request flow, rendering system, EAV Model & more",,0,1,0,0,4.934782608695652,0,English,English,Edureka,Edureka,https://d1jnx9ba8s6j9r.cloudfront.net/imgver.1679557636/img/Edureka_V_W_logo.webp
CRM Salesforce for Beginners,https://www.edureka.co/crm-salesforce?qId=b3dcad852ee1431a3b8c950a8e3ee3c2&index_name=prod_search_results_courses&objId=301&objPos=8,Computer Science,"Includes Salesforce CRM, SDFC Security Model, SDFC Configuration, and more",,0,1,0,0,4.934782608695652,0,English,English,Edureka,Edureka,https://d1jnx9ba8s6j9r.cloudfront.net/imgver.1679557636/img/Edureka_V_W_logo.webp
SAS Training and Certification,https://www.edureka.co/sas-training?qId=b3dcad852ee1431a3b8c950a8e3ee3c2&index_name=prod_search_results_courses&objId=1403&objPos=11,Computer Science,"Includes: Customizing Datasets, Advanced SAS Procedures, PROC SQL and more",,0,1,0,0,4.934782608695652,0,English,English,Edureka,Edureka,https://d1jnx9ba8s6j9r.cloudfront.net/imgver.1679557636/img/Edureka_V_W_logo.webp
C Programming Certification Course,https://www.edureka.co/c-programming-course?qId=b3dcad852ee1431a3b8c950a8e3ee3c2&index_name=prod_search_results_courses&objId=1540&objPos=13,Computer Science,"Includes functions, data types, contorl flow etc.",,0,1,0,0,4.934782608695652,0,English,English,Edureka,Edureka,https://d1jnx9ba8s6j9r.cloudfront.net/imgver.1679557636/img/Edureka_V_W_logo.webp
MySQL DBA Certification Training,https://www.edureka.co/mysql-dba?qId=b3dcad852ee1431a3b8c950a8e3ee3c2&index_name=prod_search_results_courses&objId=1400&objPos=14,Computer Science,"Includes MySQL Workbench, Server, Data Modeling, Command line & more",,0,1,0,0,4.934782608695652,0,English,English,Edureka,Edureka,https://d1jnx9ba8s6j9r.cloudfront.net/imgver.1679557636/img/Edureka_V_W_logo.webp
JavaScript Certification Training Course,https://www.edureka.co/javascript-certification-training?qId=b3dcad852ee1431a3b8c950a8e3ee3c2&index_name=prod_search_results_courses&objId=1520&objPos=15,Computer Science,"Includes Functions, Objects, Event Handling, Libraries, Frameworks and more",,0,1,0,0,4.934782608695652,0,English,English,Edureka,Edureka,https://d1jnx9ba8s6j9r.cloudfront.net/imgver.1679557636/img/Edureka_V_W_logo.webp
Advanced MS Excel 2016 Certification Training,https://www.edureka.co/advanced-ms-excel-self-paced?qId=b3dcad852ee1431a3b8c950a8e3ee3c2&index_name=prod_search_results_courses&objId=546&objPos=16,Computer Science,"Includes: Custom and Conditional Formatting, Macros, Security and more",,0,1,0,0,4.934782608695652,0,English,English,Edureka,Edureka,https://d1jnx9ba8s6j9r.cloudfront.net/imgver.1679557636/img/Edureka_V_W_logo.webp
MicroStrategy 10 Certification Training,https://www.edureka.co/microstrategy-10-bi?qId=b3dcad852ee1431a3b8c950a8e3ee3c2&index_name=prod_search_results_courses&objId=1416&objPos=18,Computer Science,"Includes: MicroStrategy 10, MicroStrategy Web, SDK, Mobile & more",,0,1,0,0,4.934782608695652,0,English,English,Edureka,Edureka,https://d1jnx9ba8s6j9r.cloudfront.net/imgver.1679557636/img/Edureka_V_W_logo.webp
Flutter Application Development Course,https://www.edureka.co/flutter-development-certification-course?qId=2af8b95bdb2510b3a5fab3f03605a236&index_name=prod_search_results_courses&objId=2235&objPos=6,Computer Science,"Includes: Dart Programming, Widgets, Firebase, App Development and more",,0,1,1,8779.0,5.0,0,English,English,Edureka,Edureka,https://d1jnx9ba8s6j9r.cloudfront.net/imgver.1679557636/img/Edureka_V_W_logo.webp
IoT Certification Training on Azure,https://www.edureka.co/iot-certification-training?qId=2af8b95bdb2510b3a5fab3f03605a236&index_name=prod_search_results_courses&objId=491&objPos=9,Computer Science,"Includes: Project with Sensor & Raspberry Pi, IoT Azure implemntaion & more",,0,1,0,0,4.934782608695652,0,English,English,Edureka,Edureka,https://d1jnx9ba8s6j9r.cloudfront.net/imgver.1679557636/img/Edureka_V_W_logo.webp
Salesforce Admin 201 Certification Training,https://www.edureka.co/salesforce-admin-certification-training?qId=2af8b95bdb2510b3a5fab3f03605a236&index_name=prod_search_results_courses&objId=785&objPos=13,Computer Science,"Sales Cloud, SDFC Data/ Security Model, Business Automation, and more",,0,1,0,0,4.934782608695652,0,English,English,Edureka,Edureka,https://d1jnx9ba8s6j9r.cloudfront.net/imgver.1679557636/img/Edureka_V_W_logo.webp
Ethereum Developer Certification Course,https://www.edureka.co/ethereum-developer-course?qId=2af8b95bdb2510b3a5fab3f03605a236&index_name=prod_search_results_courses&objId=579&objPos=17,Computer Science,"Sales Cloud, SDFC Data/ Security Model, Business Automation, and more",,0,1,0,0,4.934782608695652,0,English,English,Edureka,Edureka,https://d1jnx9ba8s6j9r.cloudfront.net/imgver.1679557636/img/Edureka_V_W_logo.webp
Project and Infrastructure Financing,https://www.edureka.co/project-infrastructure-financing?qId=2af8b95bdb2510b3a5fab3f03605a236&index_name=prod_search_results_courses&objId=302&objPos=1,Computer Science,"SP course includes Syndication Process, Risk Analysis, Budgeting & more",,0,1,0,0,4.934782608695652,0,English,English,Edureka,Edureka,https://d1jnx9ba8s6j9r.cloudfront.net/imgver.1679557636/img/Edureka_V_W_logo.webp
Pentaho BI Certification Training,https://www.edureka.co/pentaho-business-intelligence-training-self-paced?qId=2af8b95bdb2510b3a5fab3f03605a236&index_name=prod_search_results_courses&objId=46&objPos=2,Computer Science,"Includes: Pentaho Report Designer, Data Integration and more",,0,1,0,0,4.934782608695652,0,English,English,Edureka,Edureka,https://d1jnx9ba8s6j9r.cloudfront.net/imgver.1679557636/img/Edureka_V_W_logo.webp
Microsoft® Project 2013 Training,https://www.edureka.co/msp-self-paced?qId=2af8b95bdb2510b3a5fab3f03605a236&index_name=prod_search_results_courses&objId=55&objPos=3,Computer Science,"Includes: Task Management, Listing, Assigning Resources and Project Costs",,0,1,0,0,4.934782608695652,0,English,English,Edureka,Edureka,https://d1jnx9ba8s6j9r.cloudfront.net/imgver.1679557636/img/Edureka_V_W_logo.webp
ELK Stack Training & Certification,https://www.edureka.co/elk-stack-training-sp?qId=2af8b95bdb2510b3a5fab3f03605a236&index_name=prod_search_results_courses&objId=507&objPos=4,Computer Science,"Includes: Logstash Parsing, Elasticsearch & visualizing using Kibana",,0,1,0,0,4.934782608695652,0,English,English,Edureka,Edureka,https://d1jnx9ba8s6j9r.cloudfront.net/imgver.1679557636/img/Edureka_V_W_logo.webp
PHP & MySQL with MVC Frameworks Certification Training,https://www.edureka.co/php-mysql-self-paced?qId=2af8b95bdb2510b3a5fab3f03605a236&index_name=prod_search_results_courses&objId=90&objPos=5,Computer Science,"Includes PHP, advance query & data manipulation, MVC and many more",,0,1,0,0,4.934782608695652,0,English,English,Edureka,Edureka,https://d1jnx9ba8s6j9r.cloudfront.net/imgver.1679557636/img/Edureka_V_W_logo.webp
Git Certification Training,https://www.edureka.co/git-certification-training-course?qId=2af8b95bdb2510b3a5fab3f03605a236&index_name=prod_search_results_courses&objId=1529&objPos=7,Computer Science,Includes the best practices of distributed SCM in your organization & more.,,0,1,0,0,4.934782608695652,0,English,English,Edureka,Edureka,https://d1jnx9ba8s6j9r.cloudfront.net/imgver.1679557636/img/Edureka_V_W_logo.webp
C++ Programming Course,https://www.edureka.co/cpp-programming-course?qId=2af8b95bdb2510b3a5fab3f03605a236&index_name=prod_search_results_courses&objId=1539&objPos=8,Computer Science,"Includes methods, classes, objects, OOPs etc.",,0,1,0,0,4.934782608695652,0,English,English,Edureka,Edureka,https://d1jnx9ba8s6j9r.cloudfront.net/imgver.1679557636/img/Edureka_V_W_logo.webp
Python Scripting Certification Training,https://www.edureka.co/python-scripting?qId=2af8b95bdb2510b3a5fab3f03605a236&index_name=prod_search_results_courses&objId=777&objPos=10,Computer Science,"Includes Python Pandas, Numpy, Matplotlib, and more",,0,1,0,0,4.934782608695652,0,English,English,Edureka,Edureka,https://d1jnx9ba8s6j9r.cloudfront.net/imgver.1679557636/img/Edureka_V_W_logo.webp
Comprehensive MapReduce Certification Training,https://www.edureka.co/comprehensive-mapreduce-self-paced?qId=2af8b95bdb2510b3a5fab3f03605a236&index_name=prod_search_results_courses&objId=86&objPos=11,Computer Science,Solve industry use cases by mastering Hadoop Map Reduce Framework,,0,0,0,0,4.934782608695652,0,English,English,Edureka,Edureka,https://d1jnx9ba8s6j9r.cloudfront.net/imgver.1679557636/img/Edureka_V_W_logo.webp
Persistence with Hibernate Certification Training,https://www.edureka.co/persistence-with-hibernate-self-paced?qId=2af8b95bdb2510b3a5fab3f03605a236&index_name=prod_search_results_courses&objId=84&objPos=12,Computer Science,"Master ORM, Inheritance, Search & Validation, and more",,0,1,0,0,4.934782608695652,0,English,English,Edureka,Edureka,https://d1jnx9ba8s6j9r.cloudfront.net/imgver.1679557636/img/Edureka_V_W_logo.webp
Statistics Essentials for Analytics,https://www.edureka.co/statistics-essentials-for-analytics-self-paced?qId=2af8b95bdb2510b3a5fab3f03605a236&index_name=prod_search_results_courses&objId=69&objPos=14,Computer Science,"Includes Probability, Inference, Clustering, Regression and Tests on data",,0,1,0,0,4.934782608695652,0,English,English,Edureka,Edureka,https://d1jnx9ba8s6j9r.cloudfront.net/imgver.1679557636/img/Edureka_V_W_logo.webp
iOS App Development Certification Training,https://www.edureka.co/ios-development?qId=2af8b95bdb2510b3a5fab3f03605a236&index_name=prod_search_results_courses&objId=669&objPos=15,Computer Science,"iOS App development by mastering concepts like Swift, iCloud & many more",,0,1,0,0,4.934782608695652,0,English,English,Edureka,Edureka,https://d1jnx9ba8s6j9r.cloudfront.net/imgver.1679557636/img/Edureka_V_W_logo.webp
Mastering Perl Scripting Certification Training,https://www.edureka.co/mastering-perl-scripting-self-paced?qId=2af8b95bdb2510b3a5fab3f03605a236&index_name=prod_search_results_courses&objId=622&objPos=16,Computer Science,Develop web applications by mastering Perl Scripting,,0,1,0,0,4.934782608695652,0,English,English,Edureka,Edureka,https://d1jnx9ba8s6j9r.cloudfront.net/imgver.1679557636/img/Edureka_V_W_logo.webp
Advanced Predictive Modelling in R Certification Training,https://www.edureka.co/advanced-predictive-modeling-in-r-sp?qId=2af8b95bdb2510b3a5fab3f03605a236&index_name=prod_search_results_courses&objId=571&objPos=18,Computer Science,"SP course includes Statistics, Regression, Forecasting & Survival Analysis",,0,1,0,0,4.934782608695652,0,English,English,Edureka,Edureka,https://d1jnx9ba8s6j9r.cloudfront.net/imgver.1679557636/img/Edureka_V_W_logo.webp
Business Analyst Masters Course ,https://www.edureka.co/business-analyst-certification-course?qId=36c4c21a16e3292f164506f3a520a29e&index_name=prod_search_results_courses&objId=2257&objPos=9,Computer Science,"Includes 11 courses: Statistical Analysis, MS SQL, Power BI, and more.","Edureka’s Business Analyst Masters program is curated by industry experts to provide learners with a deep understanding of the principles and practices of business analysis. Learners will gain hands-on experience in designing and implementing data modeling, data preparation, data analysis, querying data, data visualization, and many more key concepts. With our well-researched curriculum, learners will gain the skills necessary to excel as a business analyst and drive successful business outcomes. Enroll today to tap into the potential of business analysis and fast-track your career in this dynamic and ever growing industry.",0,0,0,0,4.934782608695652,0,English,English,Edureka,Edureka,https://d1jnx9ba8s6j9r.cloudfront.net/imgver.1679557636/img/Edureka_V_W_logo.webp
Advanced Artificial Intelligence Course,https://www.edureka.co/advanced-artificial-intelligence-course-python?qId=36c4c21a16e3292f164506f3a520a29e&index_name=prod_search_results_courses&objId=2249&objPos=10,Computer Science,"Includes: NLP, Text Processing, Deep Learning, TensorFlow, OpenCV, and more",,0,1,0,8734.0,5.0,0,English,English,Edureka,Edureka,https://d1jnx9ba8s6j9r.cloudfront.net/imgver.1679557636/img/Edureka_V_W_logo.webp
Data Engineer Masters Program,https://www.edureka.co/data-engineer-certification-course?qId=36c4c21a16e3292f164506f3a520a29e&index_name=prod_search_results_courses&objId=2248&objPos=11,Computer Science,"Includes 12 courses: Linux, Big Data, Power BI, and more.","Edureka’s Data Engineer Masters program is curated by industry experts to provide learners with a deep understanding of the principles and practices of data engineering through its extensive coursework and hands-on projects. The well-researched curriculum enables learners to design and build data pipelines, manage databases, and develop data infrastructure to meet the requirements of any organization. Unleash the power of data and accelerate your career— join the global revolution now!",0,2,0,0,4.934782608695652,0,English,English,Edureka,Edureka,https://d1jnx9ba8s6j9r.cloudfront.net/imgver.1679557636/img/Edureka_V_W_logo.webp
Executive Development Programme in General Management,https://www.edureka.co/executive-general-management-program-iim-raipur?qId=36c4c21a16e3292f164506f3a520a29e&index_name=prod_search_results_courses&objId=2111&objPos=14,Computer Science,Learn and build specialist digital skills,,0,2,0,0,4.934782608695652,0,English,English,Edureka,Edureka,https://d1jnx9ba8s6j9r.cloudfront.net/imgver.1679557636/img/Edureka_V_W_logo.webp
Data Structures and Algorithms using Java Internship Program,https://www.edureka.co/java-data-structures-and-algorithm?qId=36c4c21a16e3292f164506f3a520a29e&index_name=prod_search_results_courses&objId=2091&objPos=15,Computer Science,"Includes Java Programming, Data Structures, Algorithms, and many more",,0,0,0,0,4.934782608695652,0,English,English,Edureka,Edureka,https://d1jnx9ba8s6j9r.cloudfront.net/imgver.1679557636/img/Edureka_V_W_logo.webp
Executive Post Graduate Programme in HRM,https://www.edureka.co/executive-post-graduate-programme-in-hrm?qId=36c4c21a16e3292f164506f3a520a29e&index_name=prod_search_results_courses&objId=2087&objPos=17,Computer Science,This is a two-year master degree program,,0,2,0,0,4.934782608695652,0,English,English,Edureka,Edureka,https://d1jnx9ba8s6j9r.cloudfront.net/imgver.1679557636/img/Edureka_V_W_logo.webp
Apache Storm Certification Training,https://www.edureka.co/apache-storm-certification-training?qId=36c4c21a16e3292f164506f3a520a29e&index_name=prod_search_results_courses&objId=531&objPos=1,Computer Science,"Master Stream Data processing using Storm spouts, bolts, topology & more",,0,1,0,0,4.934782608695652,0,English,English,Edureka,Edureka,https://d1jnx9ba8s6j9r.cloudfront.net/imgver.1679557636/img/Edureka_V_W_logo.webp
Data Warehousing Certification Training,https://www.edureka.co/datawarehousing-self-paced?qId=36c4c21a16e3292f164506f3a520a29e&index_name=prod_search_results_courses&objId=53&objPos=2,Computer Science,"Includes: Dimension & fact, Normalization, Schema, Modeling, ETL & more",,0,1,0,0,4.934782608695652,0,English,English,Edureka,Edureka,https://d1jnx9ba8s6j9r.cloudfront.net/imgver.1679557636/img/Edureka_V_W_logo.webp
Microsoft SharePoint 2013 Certification Training,https://www.edureka.co/microsoft-sharepoint-2013?qId=36c4c21a16e3292f164506f3a520a29e&index_name=prod_search_results_courses&objId=412&objPos=3,Computer Science,"Includes: SharePoint Object Model, Developing Apps , MMS, BCS and More",,0,1,0,0,4.934782608695652,0,English,English,Edureka,Edureka,https://d1jnx9ba8s6j9r.cloudfront.net/imgver.1679557636/img/Edureka_V_W_logo.webp
Machine Learning with Mahout Certification Training,https://www.edureka.co/mahout-self-paced?qId=36c4c21a16e3292f164506f3a520a29e&index_name=prod_search_results_courses&objId=31&objPos=4,Computer Science,"Machine Learning, Apache Mahout, Hadoop, Recommendation Engine and more",,0,1,0,0,4.934782608695652,0,English,English,Edureka,Edureka,https://d1jnx9ba8s6j9r.cloudfront.net/imgver.1679557636/img/Edureka_V_W_logo.webp
Analytics for Retail Banks,https://www.edureka.co/retail-banking?qId=36c4c21a16e3292f164506f3a520a29e&index_name=prod_search_results_courses&objId=280&objPos=5,Computer Science,"Retail Analytics including Marketing Challenges, Customer Acquision & more",,0,1,0,0,4.934782608695652,0,English,English,Edureka,Edureka,https://d1jnx9ba8s6j9r.cloudfront.net/imgver.1679557636/img/Edureka_V_W_logo.webp
Mastering Neo4j Graph Database Certification Training,https://www.edureka.co/neo4j?qId=36c4c21a16e3292f164506f3a520a29e&index_name=prod_search_results_courses&objId=279&objPos=6,Computer Science,Build applications powered by Neo4j by mastering the Cypher query language,,0,1,0,0,4.934782608695652,0,English,English,Edureka,Edureka,https://d1jnx9ba8s6j9r.cloudfront.net/imgver.1679557636/img/Edureka_V_W_logo.webp
Mastering Joomla Certification Training,https://www.edureka.co/joomla?qId=36c4c21a16e3292f164506f3a520a29e&index_name=prod_search_results_courses&objId=262&objPos=7,Computer Science,"Create articles, categories, menus, multilingual websites and many more",,0,1,0,0,4.934782608695652,0,English,English,Edureka,Edureka,https://d1jnx9ba8s6j9r.cloudfront.net/imgver.1679557636/img/Edureka_V_W_logo.webp
Mastering Apache Ambari Certification Training,https://www.edureka.co/apache-ambari?qId=36c4c21a16e3292f164506f3a520a29e&index_name=prod_search_results_courses&objId=246&objPos=8,Computer Science,"Includes: Managing cluster using Ambari, architecture, security and more",,0,1,0,0,4.934782608695652,0,English,English,Edureka,Edureka,https://d1jnx9ba8s6j9r.cloudfront.net/imgver.1679557636/img/Edureka_V_W_logo.webp
Decision Tree Modeling Using R Certification Training,https://www.edureka.co/decision-tree-modelling-using-r-sp?qId=36c4c21a16e3292f164506f3a520a29e&index_name=prod_search_results_courses&objId=216&objPos=12,Computer Science,"SP course includes: Decision Tree, CHAID, ID3 & Random Forest",,0,1,0,0,4.934782608695652,0,English,English,Edureka,Edureka,https://d1jnx9ba8s6j9r.cloudfront.net/imgver.1679557636/img/Edureka_V_W_logo.webp
Automation Testing using TestComplete 11.0,https://www.edureka.co/automation-testing-testcomplete?qId=36c4c21a16e3292f164506f3a520a29e&index_name=prod_search_results_courses&objId=214&objPos=13,Computer Science,Perform testing on web and mobile applications using test complete,,0,1,0,0,4.934782608695652,0,English,English,Edureka,Edureka,https://d1jnx9ba8s6j9r.cloudfront.net/imgver.1679557636/img/Edureka_V_W_logo.webp
Mastering Google Analytics,https://www.edureka.co/digital-media-analytics-sp?qId=36c4c21a16e3292f164506f3a520a29e&index_name=prod_search_results_courses&objId=209&objPos=16,Computer Science,"Includes: Web Analytics, KPIs, Tools Integration,Behavior Analysis & more",,0,1,0,0,4.934782608695652,0,English,English,Edureka,Edureka,https://d1jnx9ba8s6j9r.cloudfront.net/imgver.1679557636/img/Edureka_V_W_logo.webp
Advanced Java Certification Training,https://www.edureka.co/advanced-java-sp?qId=36c4c21a16e3292f164506f3a520a29e&index_name=prod_search_results_courses&objId=193&objPos=18,Computer Science,"Includes Exceptions, Log4j, collections, network programming and many more",,0,1,0,0,4.934782608695652,0,English,English,Edureka,Edureka,https://d1jnx9ba8s6j9r.cloudfront.net/imgver.1679557636/img/Edureka_V_W_logo.webp
Post Graduate Certificate in Human Resource Management,https://www.edureka.co/human-resourse-management-course-iim-shillong?qId=a03951d29291be230876a368ca9d97f3&index_name=prod_search_results_courses&objId=1909&objPos=1,Computer Science,Earn a certificate from IIM Shillong & SHRM India,,0,2,0,0,4.934782608695652,0,English,English,Edureka,Edureka,https://d1jnx9ba8s6j9r.cloudfront.net/imgver.1679557636/img/Edureka_V_W_logo.webp
Advanced Executive Certificate in Product Management,https://www.edureka.co/advanced-executive-program-in-product-management-iitg?qId=a03951d29291be230876a368ca9d97f3&index_name=prod_search_results_courses&objId=1884&objPos=2,Computer Science,"Includes Product Conceptualization, Planning. Development and more",,0,0,0,0,4.934782608695652,0,English,English,Edureka,Edureka,https://d1jnx9ba8s6j9r.cloudfront.net/imgver.1679557636/img/Edureka_V_W_logo.webp
Post Graduate Certificate Program in Data Science,https://www.edureka.co/data-science-program?qId=a03951d29291be230876a368ca9d97f3&index_name=prod_search_results_courses&objId=1396&objPos=12,Computer Science,"Includes Supervised Machine Learning, Deep Learning, and more",,0,2,0,0,4.934782608695652,0,English,English,Edureka,Edureka,https://d1jnx9ba8s6j9r.cloudfront.net/imgver.1679557636/img/Edureka_V_W_logo.webp
MapReduce Design Patterns Certification Training,https://www.edureka.co/mapreduce-design-patterns-sp?qId=a03951d29291be230876a368ca9d97f3&index_name=prod_search_results_courses&objId=182&objPos=3,Computer Science,"Includes: filtering & join patterns, meta & graph patterns, & more",,0,1,0,0,4.934782608695652,0,English,English,Edureka,Edureka,https://d1jnx9ba8s6j9r.cloudfront.net/imgver.1679557636/img/Edureka_V_W_logo.webp
Jenkins Certification Training Course,https://www.edureka.co/jenkins-certification-course?qId=a03951d29291be230876a368ca9d97f3&index_name=prod_search_results_courses&objId=1673&objPos=4,Computer Science,"Includes Jenkins Job, Managing jenkins, Jenkins pipeline and many more",,0,1,0,0,4.934782608695652,0,English,English,Edureka,Edureka,https://d1jnx9ba8s6j9r.cloudfront.net/imgver.1679557636/img/Edureka_V_W_logo.webp
Ansible Certification Training Course ,https://www.edureka.co/ansible-certification-training?qId=a03951d29291be230876a368ca9d97f3&index_name=prod_search_results_courses&objId=1672&objPos=5,Computer Science,"Includes Ansible Playbooks, Modules, Roles, automation and many more",,0,1,0,0,4.934782608695652,0,English,English,Edureka,Edureka,https://d1jnx9ba8s6j9r.cloudfront.net/imgver.1679557636/img/Edureka_V_W_logo.webp
Measuring Social Media ROI,https://www.edureka.co/measuring-social-media-roi-self-paced?qId=a03951d29291be230876a368ca9d97f3&index_name=prod_search_results_courses&objId=159&objPos=6,Computer Science,"Includes: Social media plan, ROI of Marketing and more",,0,0,0,0,4.934782608695652,0,English,English,Edureka,Edureka,https://d1jnx9ba8s6j9r.cloudfront.net/imgver.1679557636/img/Edureka_V_W_logo.webp
jQuery Certification Training Course,https://www.edureka.co/jquery-training?qId=a03951d29291be230876a368ca9d97f3&index_name=prod_search_results_courses&objId=1521&objPos=7,Computer Science,"Includes DOM Manipulation, jQuery Forms, AJAX, Plugins, jQuery UI and more",,0,1,0,0,4.934782608695652,0,English,English,Edureka,Edureka,https://d1jnx9ba8s6j9r.cloudfront.net/imgver.1679557636/img/Edureka_V_W_logo.webp
CSS Certification Training Course,https://www.edureka.co/css-certification-course?qId=a03951d29291be230876a368ca9d97f3&index_name=prod_search_results_courses&objId=1519&objPos=8,Computer Science,"Includes HTML elements like headings, paragraphs, images, links, etc.",,0,1,0,0,4.934782608695652,0,English,English,Edureka,Edureka,https://d1jnx9ba8s6j9r.cloudfront.net/imgver.1679557636/img/Edureka_V_W_logo.webp
 HTML Certification Training Course,https://www.edureka.co/html-certification-course?qId=a03951d29291be230876a368ca9d97f3&index_name=prod_search_results_courses&objId=1518&objPos=9,Computer Science,"Includes HTML elements like headings, paragraphs, images, links, etc.",,0,1,0,0,4.934782608695652,0,English,English,Edureka,Edureka,https://d1jnx9ba8s6j9r.cloudfront.net/imgver.1679557636/img/Edureka_V_W_logo.webp
QlikView Certification Training,https://www.edureka.co/qlikview-certification-training?qId=a03951d29291be230876a368ca9d97f3&index_name=prod_search_results_courses&objId=1419&objPos=10,Computer Science,"Includes: Scripting, Data Model, Transformation, Charts, Functions & more",,0,1,0,0,4.934782608695652,0,English,English,Edureka,Edureka,https://d1jnx9ba8s6j9r.cloudfront.net/imgver.1679557636/img/Edureka_V_W_logo.webp
OpenStack Certification Training,https://www.edureka.co/open-stack?qId=a03951d29291be230876a368ca9d97f3&index_name=prod_search_results_courses&objId=1406&objPos=11,Computer Science,Prepare for OpenStack Administrator Exam by mastering Swift & many more,,0,1,0,0,4.934782608695652,0,English,English,Edureka,Edureka,https://d1jnx9ba8s6j9r.cloudfront.net/imgver.1679557636/img/Edureka_V_W_logo.webp
Graphical Models Certification Training,https://www.edureka.co/graphical-modelling-course?qId=a03951d29291be230876a368ca9d97f3&index_name=prod_search_results_courses&objId=1389&objPos=13,Computer Science,"Includes HMM Models, Markov Chain, Bayesian Network, and more",,0,1,0,0,4.934782608695652,0,English,English,Edureka,Edureka,https://d1jnx9ba8s6j9r.cloudfront.net/imgver.1679557636/img/Edureka_V_W_logo.webp
Reinforcement Learning,https://www.edureka.co/reinforcement-learning-course?qId=a03951d29291be230876a368ca9d97f3&index_name=prod_search_results_courses&objId=1388&objPos=14,Computer Science,"Includes Open AI Gym, Banit Algorithm, Dynamic Programming, Deep Q Learning",,0,1,0,0,4.934782608695652,0,English,English,Edureka,Edureka,https://d1jnx9ba8s6j9r.cloudfront.net/imgver.1679557636/img/Edureka_V_W_logo.webp
Six Sigma Green Belt Certification Training,https://www.edureka.co/six-sigma-green-belt-self-paced?qId=a03951d29291be230876a368ca9d97f3&index_name=prod_search_results_courses&objId=138&objPos=15,Computer Science,"Includes: Fishbone/Ishikawa diagram, RCA, Corelation & Statistical Analysis",,0,1,0,0,4.934782608695652,0,English,English,Edureka,Edureka,https://d1jnx9ba8s6j9r.cloudfront.net/imgver.1679557636/img/Edureka_V_W_logo.webp
Design Patterns Certification Training,https://www.edureka.co/design-patterns-self-paced?qId=a03951d29291be230876a368ca9d97f3&index_name=prod_search_results_courses&objId=137&objPos=16,Computer Science,"Includes: Creational, Structural & Behavioral Design Patterns & more",,0,1,0,0,4.934782608695652,0,English,English,Edureka,Edureka,https://d1jnx9ba8s6j9r.cloudfront.net/imgver.1679557636/img/Edureka_V_W_logo.webp
Comprehensive HBase Certification Training,https://www.edureka.co/comprehensive-hbase?qId=a03951d29291be230876a368ca9d97f3&index_name=prod_search_results_courses&objId=127&objPos=17,Computer Science,"Includes: HBase Components & Architecture, Data Models, Operations & more",,0,0,0,0,4.934782608695652,0,English,English,Edureka,Edureka,https://d1jnx9ba8s6j9r.cloudfront.net/imgver.1679557636/img/Edureka_V_W_logo.webp
Comprehensive Hive Certification Training,https://www.edureka.co/comprehensive-hive?qId=a03951d29291be230876a368ca9d97f3&index_name=prod_search_results_courses&objId=126&objPos=18,Computer Science,"Includes: Hive Architecture, partitions & buckets, Thrift Servers & more",,0,0,0,0,4.934782608695652,0,English,English,Edureka,Edureka,https://d1jnx9ba8s6j9r.cloudfront.net/imgver.1679557636/img/Edureka_V_W_logo.webp
PG Certification Program in Marketing with Specialization in Digital Marketing,https://www.edureka.co/digital-marketing-certification?qId=3288bb6239088afdcb51bdb3ef039813&index_name=prod_search_results_courses&objId=1173&objPos=2,Computer Science,"Includes: Industry grade Projects, Social Media Marketing, SEO & more",,0,1,0,0,4.934782608695652,0,English,English,Edureka,Edureka,https://d1jnx9ba8s6j9r.cloudfront.net/imgver.1679557636/img/Edureka_V_W_logo.webp
Advanced Certification in Cloud Computing,https://www.edureka.co/advanced-cloud-computing-program?qId=3288bb6239088afdcb51bdb3ef039813&index_name=prod_search_results_courses&objId=1104&objPos=3,Computer Science,"Includes Architect & Manage Cloud Solutions, DevOps on Cloud and more",,0,1,0,0,4.934782608695652,0,English,English,Edureka,Edureka,https://d1jnx9ba8s6j9r.cloudfront.net/imgver.1679557636/img/Edureka_V_W_logo.webp
Comprehensive Pig Certification Training,https://www.edureka.co/comprehensive-pig-self-paced?qId=3288bb6239088afdcb51bdb3ef039813&index_name=prod_search_results_courses&objId=124&objPos=1,Computer Science,"Includes: Pig Components, Data Models, Operators, UDFs and more",,0,0,0,0,4.934782608695652,0,English,English,Edureka,Edureka,https://d1jnx9ba8s6j9r.cloudfront.net/imgver.1679557636/img/Edureka_V_W_logo.webp
