"Course Title","Course URL","Cost","Duration","Rating"
".NET Workloads on AWS Lambda","https://explore.skillbuilder.aws/learn/course/external/view/elearning/15308/net-workloads-on-aws-lambda","Free","1h 30m","5.0"
"Amazon EC2 Observability, Monitoring, and Troubleshooting","https://explore.skillbuilder.aws/learn/course/external/view/elearning/15115/amazon-ec2-observability-monitoring-and-troubleshooting","Free","2h 00m","5.0"
"Data Modeling for Amazon DocumentDB","https://explore.skillbuilder.aws/learn/course/external/view/elearning/15024/data-modeling-for-amazon-documentdb","Free","1h 00m","5.0"
"Building Event-Driven Applications With Amazon EventBridge (Includes Labs)","https://explore.skillbuilder.aws/learn/course/external/view/elearning/15017/building-event-driven-applications-with-amazon-eventbridge-includes-labs","Requires Subscription","3h 00m","5.0"
"Building Event-Driven Applications With Amazon EventBridge","https://explore.skillbuilder.aws/learn/course/external/view/elearning/15008/building-event-driven-applications-with-amazon-eventbridge","Free","2h 00m","4.0"
"Build with Amazon MemoryDB for Redis","https://explore.skillbuilder.aws/learn/course/external/view/elearning/14997/build-with-amazon-memorydb-for-redis","Free","1h 00m","5.0"
"AWS IoT Business Opportunities for Telecom Operators","https://explore.skillbuilder.aws/learn/course/external/view/elearning/14907/aws-iot-business-opportunities-for-telecom-operators","Free","45m 00s","5.0"
"Mainframe Workloads Fast Track to Agility","https://explore.skillbuilder.aws/learn/course/external/view/elearning/14906/mainframe-workloads-fast-track-to-agility","Free","1h 15m","5.0"
".NET Workloads on AWS App Runner","https://explore.skillbuilder.aws/learn/course/external/view/elearning/14897/net-workloads-on-aws-app-runner","Free","2h 00m","5.0"
"AWS Best Practices for Hybrid Cloud Adoption","https://explore.skillbuilder.aws/learn/course/external/view/elearning/14886/aws-best-practices-for-hybrid-cloud-adoption","Free","1h 00m","5.0"
"Data Modeling for Amazon ElastiCache for Redis","https://explore.skillbuilder.aws/learn/course/external/view/elearning/14775/data-modeling-for-amazon-elasticache-for-redis","Free","45m 00s","5.0"
"Right Size Your Amazon EC2 Workload","https://explore.skillbuilder.aws/learn/course/external/view/elearning/14765/right-size-your-amazon-ec2-workload","Free","2h 00m","5.0"
"AWS Observability","https://explore.skillbuilder.aws/learn/course/external/view/elearning/14688/aws-observability","Free","5h 00m","5.0"
"Troubleshooting: Amazon Connect","https://explore.skillbuilder.aws/learn/course/external/view/elearning/14680/troubleshooting-amazon-connect","Free","1h 00m","5.0"
"Amazon EKS for Developers - Online Course Supplement","https://explore.skillbuilder.aws/learn/course/external/view/elearning/14608/amazon-eks-for-developers-online-course-supplement","Free","1h 00m","4.0"
"Amazon Connect: Implementing Chat in Connect","https://explore.skillbuilder.aws/learn/course/external/view/elearning/14504/amazon-connect-implementing-chat-in-connect","Free","1h 00m","5.0"
"AWS Migration Hub Primer","https://explore.skillbuilder.aws/learn/course/external/view/elearning/14473/aws-migration-hub-primer","Free","1h 30m","5.0"
"Amazon Connect: Implementing Task on Connect","https://explore.skillbuilder.aws/learn/course/external/view/elearning/14209/amazon-connect-implementing-task-on-connect","Free","2h 00m","5.0"
"AWS for Games - Databases","https://explore.skillbuilder.aws/learn/course/external/view/elearning/14161/aws-for-games-databases","Free","2h 00m","5.0"
"Troubleshooting: Amazon Simple Notification Service","https://explore.skillbuilder.aws/learn/course/external/view/elearning/14124/troubleshooting-amazon-simple-notification-service","Free","1h 00m","5.0"
"Troubleshooting: Amazon CloudWatch","https://explore.skillbuilder.aws/learn/course/external/view/elearning/13812/troubleshooting-amazon-cloudwatch","Free","1h 00m","5.0"
"Connecting Systems and Machines to AWS for Industrial Manufacturing","https://explore.skillbuilder.aws/learn/course/external/view/elearning/13797/connecting-systems-and-machines-to-aws-for-industrial-manufacturing","Free","45m 00s","5.0"
"Building with AWS IoT SiteWise","https://explore.skillbuilder.aws/learn/course/external/view/elearning/13693/building-with-aws-iot-sitewise","Free","2h 15m","5.0"
"Introduction to AWS Cloud Game Development","https://explore.skillbuilder.aws/learn/course/external/view/elearning/13692/introduction-to-aws-cloud-game-development","Free","1h 00m","5.0"
"Troubleshooting: Simple Storage Service (S3)","https://explore.skillbuilder.aws/learn/course/external/view/elearning/13527/troubleshooting-simple-storage-service-s3","Free","1h 00m","5.0"
"Troubleshooting: Amazon Virtual Private Cloud (Amazon VPC)","https://explore.skillbuilder.aws/learn/course/external/view/elearning/13490/troubleshooting-amazon-virtual-private-cloud-amazon-vpc","Free","30m 00s","5.0"
"Troubleshooting: Amazon Simple Email Service","https://explore.skillbuilder.aws/learn/course/external/view/elearning/13064/troubleshooting-amazon-simple-email-service","Free","1h 00m","5.0"
"Build with Amazon EC2","https://explore.skillbuilder.aws/learn/course/external/view/elearning/12996/build-with-amazon-ec2","Free","2h 30m","5.0"
"Running High Performance Applications with Amazon FSx","https://explore.skillbuilder.aws/learn/course/external/view/elearning/12930/running-high-performance-applications-with-amazon-fsx","Free","1h 00m","5.0"
"Moving to the Cloud with Amazon FSx","https://explore.skillbuilder.aws/learn/course/external/view/elearning/12913/moving-to-the-cloud-with-amazon-fsx","Free","1h 00m","5.0"
"Build with Amazon FSx for OpenZFS","https://explore.skillbuilder.aws/learn/course/external/view/elearning/12846/build-with-amazon-fsx-for-openzfs","Free","1h 00m","5.0"
"Deploying Serverless Applications","https://explore.skillbuilder.aws/learn/course/external/view/elearning/12836/deploying-serverless-applications","Free","1h 30m","5.0"
"Architecting Serverless Applications","https://explore.skillbuilder.aws/learn/course/external/view/elearning/12716/architecting-serverless-applications","Free","2h 00m","5.0"
"Designing Event-Driven Architectures","https://explore.skillbuilder.aws/learn/course/external/view/elearning/12715/designing-event-driven-architectures","Free","2h 00m","5.0"
"Security and Observability for Serverless Applications","https://explore.skillbuilder.aws/learn/course/external/view/elearning/12714/security-and-observability-for-serverless-applications","Free","1h 30m","5.0"
"Scaling Serverless Architectures","https://explore.skillbuilder.aws/learn/course/external/view/elearning/12713/scaling-serverless-architectures","Free","1h 30m","5.0"
"AWS Well-Architected Considerations for Financial Services","https://explore.skillbuilder.aws/learn/course/external/view/elearning/12692/aws-well-architected-considerations-for-financial-services","Free","45m 00s","5.0"
"Troubleshooting: Amazon DynamoDB","https://explore.skillbuilder.aws/learn/course/external/view/elearning/12617/troubleshooting-amazon-dynamodb","Free","45m 00s","5.0"
"Troubleshooting: AWS VPN","https://explore.skillbuilder.aws/learn/course/external/view/elearning/12458/troubleshooting-aws-vpn","Free","1h 00m","4.0"
"AWS for Games Containers Principles","https://explore.skillbuilder.aws/learn/course/external/view/elearning/12370/aws-for-games-containers-principles","Free","3h 55m","5.0"
"Troubleshooting: Amazon API Gateway","https://explore.skillbuilder.aws/learn/course/external/view/elearning/12269/troubleshooting-amazon-api-gateway","Free","1h 00m","5.0"
"Building AWS Solutions: Scale-Out Computing on AWS","https://explore.skillbuilder.aws/learn/course/external/view/elearning/12052/building-aws-solutions-scale-out-computing-on-aws","Free","45m 00s","5.0"
"AWS Backup Primer","https://explore.skillbuilder.aws/learn/course/external/view/elearning/11646/aws-backup-primer","Free","1h 10m","5.0"
"AWS Security Best Practices: Monitoring and Alerting","https://explore.skillbuilder.aws/learn/course/external/view/elearning/11264/aws-security-best-practices-monitoring-and-alerting","Free","2h 00m","5.0"
"AWS Security Best Practices: Computing","https://explore.skillbuilder.aws/learn/course/external/view/elearning/11263/aws-security-best-practices-computing","Free","2h 00m","5.0"
"Designing Blockchain Solutions using Amazon Managed Blockchain","https://explore.skillbuilder.aws/learn/course/external/view/elearning/11257/designing-blockchain-solutions-using-amazon-managed-blockchain","Free","45m 00s","5.0"
"AWS Security Best Practices: Network Infrastructure","https://explore.skillbuilder.aws/learn/course/external/view/elearning/11218/aws-security-best-practices-network-infrastructure","Free","1h 30m","5.0"
"Security Governance at Scale – Technical (Digital)","https://explore.skillbuilder.aws/learn/course/external/view/elearning/11173/security-governance-at-scale-technical-digital","Free","4h 00m","5.0"
"AWS Security Best Practices: Overview","https://explore.skillbuilder.aws/learn/course/external/view/elearning/11172/aws-security-best-practices-overview","Free","1h 35m","5.0"
"AWS Elastic Disaster Recovery - A Technical Introduction","https://explore.skillbuilder.aws/learn/course/external/view/elearning/11123/aws-elastic-disaster-recovery-a-technical-introduction","Free","1h 30m","5.0"
"Troubleshooting: Amazon Elastic Container Service (Amazon ECS)","https://explore.skillbuilder.aws/learn/course/external/view/elearning/11107/troubleshooting-amazon-elastic-container-service-amazon-ecs","Free","30m 00s","5.0"
"Troubleshooting: AWS Lambda","https://explore.skillbuilder.aws/learn/course/external/view/elearning/10771/troubleshooting-aws-lambda","Free","30m 00s","5.0"
"AWS Managed Services (AMS) Accelerate: Resource Tagger Deep Dive","https://explore.skillbuilder.aws/learn/course/external/view/elearning/10582/aws-managed-services-ams-accelerate-resource-tagger-deep-dive","Free","45m 00s","5.0"
"AWS IoT Greengrass: Utilizing Data","https://explore.skillbuilder.aws/learn/course/external/view/elearning/10450/aws-iot-greengrass-utilizing-data","Free","1h 15m","4.0"
"AWS Networking Practical Approaches","https://explore.skillbuilder.aws/learn/course/external/view/elearning/10448/aws-networking-practical-approaches","Free","3h 00m","4.0"
"Troubleshooting: Route 53 Domains","https://explore.skillbuilder.aws/learn/course/external/view/elearning/10422/troubleshooting-route-53-domains","Free","30m 00s","5.0"
"Troubleshooting: Amazon Elastic Compute Cloud (Amazon EC2) for Linux","https://explore.skillbuilder.aws/learn/course/external/view/elearning/10318/troubleshooting-amazon-elastic-compute-cloud-amazon-ec2-for-linux","Free","30m 00s","5.0"
"Troubleshooting: CloudFront","https://explore.skillbuilder.aws/learn/course/external/view/elearning/10072/troubleshooting-cloudfront","Free","45m 00s","5.0"
"Digital: Developer Tooling for AWS Step Functions","https://explore.skillbuilder.aws/learn/course/external/view/elearning/10002/digital-developer-tooling-for-aws-step-functions","Free","1h 30m","5.0"
"Observability for AWS Step Functions","https://explore.skillbuilder.aws/learn/course/external/view/elearning/9343/observability-for-aws-step-functions","Free","1h 30m","5.0"
"How AWS Step Functions Work","https://explore.skillbuilder.aws/learn/course/external/view/elearning/9241/how-aws-step-functions-work","Free","55m 00s","5.0"
"AWS CustomerCast - Monitor and Observe your Cloud and On-prem Infrastructure","https://explore.skillbuilder.aws/learn/course/external/view/elearning/9056/aws-customercast-monitor-and-observe-your-cloud-and-on-prem-infrastructure","Free","58m 36s","5.0"
"AWS IoT Greengrass: Creating Deployments","https://explore.skillbuilder.aws/learn/course/external/view/elearning/8912/aws-iot-greengrass-creating-deployments","Free","1h 10m","5.0"
"Migrating to AWS (OCS)","https://explore.skillbuilder.aws/learn/course/external/view/elearning/8834/migrating-to-aws-ocs","Free","30m 00s","5.0"
"Troubleshooting: Amazon Elastic Compute Cloud (Amazon EC2) for Windows Instances","https://explore.skillbuilder.aws/learn/course/external/view/elearning/8829/troubleshooting-amazon-elastic-compute-cloud-amazon-ec2-for-windows-instances","Free","30m 00s","5.0"
"Architecting on AWS - Online Course Supplement","https://explore.skillbuilder.aws/learn/course/external/view/elearning/8319/architecting-on-aws-online-course-supplement","Free","2h 00m","5.0"
"AWS Network – Monitoring and Troubleshooting","https://explore.skillbuilder.aws/learn/course/external/view/elearning/8187/aws-network-monitoring-and-troubleshooting","Free","1h 00m","4.0"
"Amazon Aurora MySQL and Amazon RDS MySQL","https://explore.skillbuilder.aws/learn/course/external/view/elearning/8033/amazon-aurora-mysql-and-amazon-rds-mysql","Free","8h 00m","5.0"
"PostgreSQL Security","https://explore.skillbuilder.aws/learn/course/external/view/elearning/7898/postgresql-security","Free","30m 00s","5.0"
"Amazon Aurora PostgreSQL and Amazon RDS PostgreSQL","https://explore.skillbuilder.aws/learn/course/external/view/elearning/7872/amazon-aurora-postgresql-and-amazon-rds-postgresql","Free","7h 00m","5.0"
"Troubleshooting: Elastic Load Balancing","https://explore.skillbuilder.aws/learn/course/external/view/elearning/7837/troubleshooting-elastic-load-balancing","Free","1h 30m","5.0"
"AWS Managed Service (AMS) Advanced: Patch Orchestrator Deep Dive","https://explore.skillbuilder.aws/learn/course/external/view/elearning/6468/aws-managed-service-ams-advanced-patch-orchestrator-deep-dive","Free","1h 45m","5.0"
"Working with Indexes in DynamoDB","https://explore.skillbuilder.aws/learn/course/external/view/elearning/5344/working-with-indexes-in-dynamodb","Free","2h 30m","5.0"
"AWS Managed Services (AMS) Advanced: Disaster Recovery","https://explore.skillbuilder.aws/learn/course/external/view/elearning/3649/aws-managed-services-ams-advanced-disaster-recovery","Free","15m 00s","5.0"
"Developing with Amazon DynamoDB (Includes Labs)","https://explore.skillbuilder.aws/learn/course/external/view/elearning/2043/developing-with-amazon-dynamodb-includes-labs","Requires Subscription","26h 00m","5.0"
"AWS Internet of Things (IoT) Device Management","https://explore.skillbuilder.aws/learn/course/external/view/elearning/1988/aws-internet-of-things-iot-device-management","Free","1h 00m","5.0"
"Developing Serverless Solutions on AWS- Course Supplement (OCS)","https://explore.skillbuilder.aws/learn/course/external/view/elearning/1880/developing-serverless-solutions-on-aws-course-supplement-ocs","Free","24h 00m","5.0"
"Build Modern Apps with Purpose-Built Databases","https://explore.skillbuilder.aws/learn/course/external/view/elearning/1857/build-modern-apps-with-purpose-built-databases","Free","3h 00m","5.0"
"AWS Network Connectivity Options","https://explore.skillbuilder.aws/learn/course/external/view/elearning/1754/aws-network-connectivity-options","Free","1h 30m","5.0"
"Amazon Elastic Block Store (Amazon EBS) Primer","https://explore.skillbuilder.aws/learn/course/external/view/elearning/1644/amazon-elastic-block-store-amazon-ebs-primer","Free","1h 30m","5.0"
"Developing with Amazon DynamoDB","https://explore.skillbuilder.aws/learn/course/external/view/elearning/1525/developing-with-amazon-dynamodb","Free","16h 50m","5.0"
"AWS Cloud Development Kit Primer","https://explore.skillbuilder.aws/learn/course/external/view/elearning/1475/aws-cloud-development-kit-primer","Free","1h 30m","5.0"
"AWS Security Hub Primer","https://explore.skillbuilder.aws/learn/course/external/view/elearning/1395/aws-security-hub-primer","Free","30m 00s","5.0"
"Amazon AppStream 2.0 Primer","https://explore.skillbuilder.aws/learn/course/external/view/elearning/1324/amazon-appstream-20-primer","Free","2h 40m","5.0"
"AWS Managed Services (AMS): Workload Ingest","https://explore.skillbuilder.aws/learn/course/external/view/elearning/1292/aws-managed-services-ams-workload-ingest","Free","10h 00m","5.0"
"Using the AWS Schema Conversion Tool","https://explore.skillbuilder.aws/learn/course/external/view/elearning/525/using-the-aws-schema-conversion-tool","Free","45m 00s","5.0"
"Amazon WorkSpaces Primer","https://explore.skillbuilder.aws/learn/course/external/view/elearning/517/amazon-workspaces-primer","Free","1h 20m","5.0"
"Migrating from Oracle to Amazon Aurora","https://explore.skillbuilder.aws/learn/course/external/view/elearning/514/migrating-from-oracle-to-amazon-aurora","Free","40m 00s","5.0"
"Preparing to Deploy Amazon WorkSpaces","https://explore.skillbuilder.aws/learn/course/external/view/elearning/511/preparing-to-deploy-amazon-workspaces","Free","10m 00s","5.0"
"Migrating from Microsoft SQL Server to Amazon DynamoDB","https://explore.skillbuilder.aws/learn/course/external/view/elearning/510/migrating-from-microsoft-sql-server-to-amazon-dynamodb","Free","45m 00s","4.0"
"Breaking Free from Legacy Databases","https://explore.skillbuilder.aws/learn/course/external/view/elearning/509/breaking-free-from-legacy-databases","Free","20m 00s","5.0"
"Launching a WorkSpace","https://explore.skillbuilder.aws/learn/course/external/view/elearning/507/launching-a-workspace","Free","10m 00s","5.0"
"Introduction to AWS End User Computing Services","https://explore.skillbuilder.aws/learn/course/external/view/elearning/504/introduction-to-aws-end-user-computing-services","Free","30m 00s","5.0"
"Managing Your WorkSpaces","https://explore.skillbuilder.aws/learn/course/external/view/elearning/503/managing-your-workspaces","Free","10m 00s","5.0"
"Auditing Amazon Simple Storage Service (Amazon S3) Security","https://explore.skillbuilder.aws/learn/course/external/view/elearning/502/auditing-amazon-simple-storage-service-amazon-s3-security","Free","1h 00m","5.0"
"Configuring and Deploying VPCs with Multiple Subnets","https://explore.skillbuilder.aws/learn/course/external/view/elearning/499/configuring-and-deploying-vpcs-with-multiple-subnets","Free","1h 00m","5.0"
"Break Free of Legacy Databases","https://explore.skillbuilder.aws/learn/course/external/view/elearning/498/break-free-of-legacy-databases","Free","1h 45m","5.0"
"Amazon Simple Storage Service (Amazon S3) Storage Classes Deep Dive","https://explore.skillbuilder.aws/learn/course/external/view/elearning/497/amazon-simple-storage-service-amazon-s3-storage-classes-deep-dive","Free","1h 00m","5.0"
"IoT Foundation: Telemetry","https://explore.skillbuilder.aws/learn/course/external/view/elearning/489/iot-foundation-telemetry","Free","2h 30m","5.0"
"AWS IoT Security Primer","https://explore.skillbuilder.aws/learn/course/external/view/elearning/488/aws-iot-security-primer","Free","3h 00m","5.0"
"Create streaming video with captions, subtitles, and audio tracks using AWS AI services","https://explore.skillbuilder.aws/learn/course/external/view/elearning/484/create-streaming-video-with-captions-subtitles-and-audio-tracks-using-aws-ai-services","Free","30m 00s","5.0"
"Building an Analytics Pipeline for Games","https://explore.skillbuilder.aws/learn/course/external/view/elearning/475/building-an-analytics-pipeline-for-games","Free","1h 30m","5.0"
"Amazon Connect Primer","https://explore.skillbuilder.aws/learn/course/external/view/elearning/469/amazon-connect-primer","Free","3h 00m","5.0"
"How AWS Managed Services (AMS) Works Within Cloud Operating Models","https://explore.skillbuilder.aws/learn/course/external/view/elearning/467/how-aws-managed-services-ams-works-within-cloud-operating-models","Free","15m 00s","5.0"
"AWS IoT Device Defender Primer","https://explore.skillbuilder.aws/learn/course/external/view/elearning/463/aws-iot-device-defender-primer","Free","3h 00m","5.0"
"Amazon Lumberyard Primer","https://explore.skillbuilder.aws/learn/course/external/view/elearning/458/amazon-lumberyard-primer","Free","1h 30m","5.0"
"Working with Captions using AWS Elemental MediaLive","https://explore.skillbuilder.aws/learn/course/external/view/elearning/457/working-with-captions-using-aws-elemental-medialive","Free","45m 00s","5.0"
"Game Server Hosting with Amazon EC2","https://explore.skillbuilder.aws/learn/course/external/view/elearning/451/game-server-hosting-with-amazon-ec2","Free","1h 30m","5.0"
"AWS Managed Services (AMS): Accounts and Networking Overview","https://explore.skillbuilder.aws/learn/course/external/view/elearning/448/aws-managed-services-ams-accounts-and-networking-overview","Free","30m 00s","5.0"
"AWS IoT Security Series","https://explore.skillbuilder.aws/learn/course/external/view/elearning/447/aws-iot-security-series","Free","10h 00m","5.0"
"Managing AWS IoT Devices: Fleet Indexing","https://explore.skillbuilder.aws/learn/course/external/view/elearning/444/managing-aws-iot-devices-fleet-indexing","Free","30m 00s","5.0"
"Using Amazon GameLift FleetIQ for Game Servers","https://explore.skillbuilder.aws/learn/course/external/view/elearning/435/using-amazon-gamelift-fleetiq-for-game-servers","Free","1h 30m","5.0"
"SaaS Business Transformation","https://explore.skillbuilder.aws/learn/course/external/view/elearning/434/saas-business-transformation","Free","1h 00m","5.0"
"AWS Elemental Live - Conductor","https://explore.skillbuilder.aws/learn/course/external/view/elearning/431/aws-elemental-live-conductor","Free","2h 00m","5.0"
"Making the App You Want in Amazon Honeycode","https://explore.skillbuilder.aws/learn/course/external/view/elearning/430/making-the-app-you-want-in-amazon-honeycode","Free","45m 00s","5.0"
"AWS Managed Services (AMS): Account Modes","https://explore.skillbuilder.aws/learn/course/external/view/elearning/425/aws-managed-services-ams-account-modes","Free","4h 30m","5.0"
"Game Server Hosting on AWS","https://explore.skillbuilder.aws/learn/course/external/view/elearning/422/game-server-hosting-on-aws","Free","1h 15m","5.0"
"Amazon GameLift Primer","https://explore.skillbuilder.aws/learn/course/external/view/elearning/421/amazon-gamelift-primer","Free","2h 00m","4.0"
"Harnessing Data in Amazon Honeycode","https://explore.skillbuilder.aws/learn/course/external/view/elearning/420/harnessing-data-in-amazon-honeycode","Free","45m 00s","5.0"
"Internet of Things Foundation Series","https://explore.skillbuilder.aws/learn/course/external/view/elearning/402/internet-of-things-foundation-series","Free","9h 30m","4.0"
"Performing Input Stitching and Clipping","https://explore.skillbuilder.aws/learn/course/external/view/elearning/397/performing-input-stitching-and-clipping","Free","10m 00s","3.0"
"Creating Adaptive Bitrate (ABR) Outputs","https://explore.skillbuilder.aws/learn/course/external/view/elearning/395/creating-adaptive-bitrate-abr-outputs","Free","20m 00s","4.0"
"Building a Live Video Channel with MediaLive and MediaPackage","https://explore.skillbuilder.aws/learn/course/external/view/elearning/390/building-a-live-video-channel-with-medialive-and-mediapackage","Free","20m 00s","5.0"
"Types of Machine Learning Solutions","https://explore.skillbuilder.aws/learn/course/external/view/elearning/388/types-of-machine-learning-solutions","Free","15m 00s","5.0"
"Working with Image Insertion","https://explore.skillbuilder.aws/learn/course/external/view/elearning/383/working-with-image-insertion","Free","10m 00s","4.0"
"Setting Up and Configuring AWS Elemental MediaConvert","https://explore.skillbuilder.aws/learn/course/external/view/elearning/382/setting-up-and-configuring-aws-elemental-mediaconvert","Free","10m 00s","4.0"
"Digital Rights Management and the SPEKE Protocol in Video Workflows","https://explore.skillbuilder.aws/learn/course/external/view/elearning/381/digital-rights-management-and-the-speke-protocol-in-video-workflows","Free","45m 00s","5.0"
"IoT Microcontrollers: Onboarding a Raspberry Pi Using AWS Greengrass","https://explore.skillbuilder.aws/learn/course/external/view/elearning/378/iot-microcontrollers-onboarding-a-raspberry-pi-using-aws-greengrass","Free","1h 00m","5.0"
"Mobile Development in IoT","https://explore.skillbuilder.aws/learn/course/external/view/elearning/374/mobile-development-in-iot","Free","2h 00m","4.0"
"Machine Learning Exam Basics","https://explore.skillbuilder.aws/learn/course/external/view/elearning/373/machine-learning-exam-basics","Free","2h 00m","5.0"
"Process Model: CRISP-DM on the AWS Stack","https://explore.skillbuilder.aws/learn/course/external/view/elearning/369/process-model-crisp-dm-on-the-aws-stack","Free","50m 00s","5.0"
"IoT Foundation: Command and Control","https://explore.skillbuilder.aws/learn/course/external/view/elearning/368/iot-foundation-command-and-control","Free","2h 00m","4.0"
"The Elements of Data Science","https://explore.skillbuilder.aws/learn/course/external/view/elearning/360/the-elements-of-data-science","Free","8h 00m","5.0"
"Protect Your Web-facing Workloads with AWS Security Services","https://explore.skillbuilder.aws/learn/course/external/view/elearning/359/protect-your-web-facing-workloads-with-aws-security-services","Free","40m 00s","5.0"
"Communicating with Chat Bots","https://explore.skillbuilder.aws/learn/course/external/view/elearning/357/communicating-with-chat-bots","Free","30m 00s","5.0"
"Math for Machine Learning","https://explore.skillbuilder.aws/learn/course/external/view/elearning/356/math-for-machine-learning","Free","8h 00m","5.0"
"Mapping a Few Core Oracle DB Concepts to Amazon RDS/Aurora PostgreSQL Concepts","https://explore.skillbuilder.aws/learn/course/external/view/elearning/350/mapping-a-few-core-oracle-db-concepts-to-amazon-rdsaurora-postgresql-concepts","Free","45m 00s","5.0"
"IoT Foundation: Introduction to Fleet Management","https://explore.skillbuilder.aws/learn/course/external/view/elearning/344/iot-foundation-introduction-to-fleet-management","Free","3h 00m","4.0"
"AWS Managed Services (AMS): Logging and Monitoring","https://explore.skillbuilder.aws/learn/course/external/view/elearning/342/aws-managed-services-ams-logging-and-monitoring","Free","10h 00m","5.0"
"Content Syndication and Sharing with AWS Elemental MediaConnect","https://explore.skillbuilder.aws/learn/course/external/view/elearning/338/content-syndication-and-sharing-with-aws-elemental-mediaconnect","Free","20m 00s","5.0"
"Creating Multi-track Captioned Outputs","https://explore.skillbuilder.aws/learn/course/external/view/elearning/330/creating-multi-track-captioned-outputs","Free","20m 00s",""
"IoT Edge Computing: Amazon FreeRTOS Primer","https://explore.skillbuilder.aws/learn/course/external/view/elearning/322/iot-edge-computing-amazon-freertos-primer","Free","3h 00m","5.0"
"Modernize a monolith to ECS and Fargate using Application Discovery","https://explore.skillbuilder.aws/learn/course/external/view/elearning/314/modernize-a-monolith-to-ecs-and-fargate-using-application-discovery","Free","1h 45m","5.0"
"AWS Managed Services (AMS): Provisioning","https://explore.skillbuilder.aws/learn/course/external/view/elearning/299/aws-managed-services-ams-provisioning","Free","30m 00s","5.0"
"Lessons Learned: Migrating Oracle to Amazon Aurora","https://explore.skillbuilder.aws/learn/course/external/view/elearning/279/lessons-learned-migrating-oracle-to-amazon-aurora","Free","30m 00s","5.0"
"Internet of Things (IoT) Microcontrollers Series","https://explore.skillbuilder.aws/learn/course/external/view/elearning/269/internet-of-things-iot-microcontrollers-series","Free","9h 30m","5.0"
"IoT Microcontrollers: Onboarding an ESP32 with Amazon FreeRTOS","https://explore.skillbuilder.aws/learn/course/external/view/elearning/266/iot-microcontrollers-onboarding-an-esp32-with-amazon-freertos","Free","1h 30m","5.0"
"Machine Learning Terminology and Process","https://explore.skillbuilder.aws/learn/course/external/view/elearning/260/machine-learning-terminology-and-process","Free","1h 00m","5.0"
"Getting Started with Amazon Simple Storage Service (Amazon S3)","https://explore.skillbuilder.aws/learn/course/external/view/elearning/161/getting-started-with-amazon-simple-storage-service-amazon-s3","Free","1h 00m","5.0"
"AWS Snowcone Primer","https://explore.skillbuilder.aws/learn/course/external/view/elearning/158/aws-snowcone-primer","Free","1h 00m","5.0"
"Build and Deploy APIs with a Serverless CI/CD","https://explore.skillbuilder.aws/learn/course/external/view/elearning/148/build-and-deploy-apis-with-a-serverless-cicd","Free","50m 00s","4.0"
"AWS Snowcone Planning and Logistics","https://explore.skillbuilder.aws/learn/course/external/view/elearning/143/aws-snowcone-planning-and-logistics","Free","1h 30m","5.0"
"Why Analytics for Games","https://explore.skillbuilder.aws/learn/course/external/view/elearning/133/why-analytics-for-games","Free","1h 00m","5.0"
"AWS Elemental MediaLive Primer","https://explore.skillbuilder.aws/learn/course/external/view/elearning/126/aws-elemental-medialive-primer","Free","1h 00m","5.0"
"Amazon EventBridge Overview and Integration with SaaS Applications","https://explore.skillbuilder.aws/learn/course/external/view/elearning/119/amazon-eventbridge-overview-and-integration-with-saas-applications","Free","30m 00s","5.0"
"Exam Readiness: AWS Certified Database - Specialty","https://explore.skillbuilder.aws/learn/course/external/view/elearning/116/exam-readiness-aws-certified-database-specialty","Free","3h 30m","5.0"
"Amazon SageMaker: Build an Object Detection Model Using Images Labeled with Ground Truth","https://explore.skillbuilder.aws/learn/course/external/view/elearning/111/amazon-sagemaker-build-an-object-detection-model-using-images-labeled-with-ground-truth","Free","1h 10m","5.0"
"AWS Elemental MediaConvert Primer","https://explore.skillbuilder.aws/learn/course/external/view/elearning/107/aws-elemental-mediaconvert-primer","Free","1h 00m","5.0"
"Introduction to Containers","https://explore.skillbuilder.aws/learn/course/external/view/elearning/106/introduction-to-containers","Free","15m 00s","5.0"
"AWS DataSync Primer","https://explore.skillbuilder.aws/learn/course/external/view/elearning/102/aws-datasync-primer","Free","1h 05m","5.0"
"Machine Learning Security","https://explore.skillbuilder.aws/learn/course/external/view/elearning/95/machine-learning-security","Free","2h 00m","5.0"
"Amazon Elastic Container Service (ECS) Primer","https://explore.skillbuilder.aws/learn/course/external/view/elearning/91/amazon-elastic-container-service-ecs-primer","Free","30m 00s","5.0"
"Amazon FSx for Lustre Primer","https://explore.skillbuilder.aws/learn/course/external/view/elearning/90/amazon-fsx-for-lustre-primer","Free","1h 40m","5.0"
"AWS Transfer Family Primer","https://explore.skillbuilder.aws/learn/course/external/view/elearning/88/aws-transfer-family-primer","Free","1h 00m","5.0"
"AWS DeepRacer: Driven by Reinforcement Learning","https://explore.skillbuilder.aws/learn/course/external/view/elearning/87/aws-deepracer-driven-by-reinforcement-learning","Free","4h 30m","5.0"
"Amazon FSx for Windows File Server Primer","https://explore.skillbuilder.aws/learn/course/external/view/elearning/80/amazon-fsx-for-windows-file-server-primer","Free","1h 00m","5.0"
"Configure and Deploy AWS PrivateLink","https://explore.skillbuilder.aws/learn/course/external/view/elearning/77/configure-and-deploy-aws-privatelink","Free","1h 10m","5.0"
"Planning an AWS Outposts Implementation","https://explore.skillbuilder.aws/learn/course/external/view/elearning/75/planning-an-aws-outposts-implementation","Free","1h 20m","5.0"
"Amazon Elastic File System (Amazon EFS) Primer","https://explore.skillbuilder.aws/learn/course/external/view/elearning/64/amazon-elastic-file-system-amazon-efs-primer","Free","50m 00s","5.0"
"Amazon EKS Primer","https://explore.skillbuilder.aws/learn/course/external/view/elearning/57/amazon-eks-primer","Free","1h 15m","5.0"
"AWS Elemental Live - Advanced","https://explore.skillbuilder.aws/learn/course/external/view/elearning/55/aws-elemental-live-advanced","Free","2h 00m","5.0"
"AWS Lambda Function Security & Defense in Depth","https://explore.skillbuilder.aws/learn/course/external/view/elearning/53/aws-lambda-function-security-defense-in-depth","Free","1h 20m","5.0"
"Exam Readiness: AWS Certified Data Analytics - Specialty","https://explore.skillbuilder.aws/learn/course/external/view/elearning/51/exam-readiness-aws-certified-data-analytics-specialty","Free","3h 30m","5.0"
"AWS Security Fundamentals (Second Edition)","https://explore.skillbuilder.aws/learn/course/external/view/elearning/48/aws-security-fundamentals-second-edition","Free","2h 00m","5.0"
"AWS Snowball Edge Primer","https://explore.skillbuilder.aws/learn/course/external/view/elearning/45/aws-snowball-edge-primer","Free","2h 05m","5.0"
"Configure and Deploy AWS Client VPN","https://explore.skillbuilder.aws/learn/course/external/view/elearning/40/configure-and-deploy-aws-client-vpn","Free","30m 00s","5.0"
"Moving To Managed Databases on AWS","https://explore.skillbuilder.aws/learn/course/external/view/elearning/36/moving-to-managed-databases-on-aws","Free","4h 00m","5.0"