"Course Title","Course URL","Duration","Rating"
"Getting Started with AWS Mainframe Modernization Refactor with AWS Blu Age","https://explore.skillbuilder.aws/learn/course/external/view/elearning/15147/getting-started-with-aws-mainframe-modernization-refactor-with-aws-blu-age","1h 00m","5.0"
"Cloud for CEOs","https://explore.skillbuilder.aws/learn/course/external/view/elearning/15120/cloud-for-ceos","10m 00s","5.0"
"Getting Started with AWS Mainframe Modernization Service","https://explore.skillbuilder.aws/learn/course/external/view/elearning/15119/getting-started-with-aws-mainframe-modernization-service","1h 00m","5.0"
"Introduction to Robotics on AWS","https://explore.skillbuilder.aws/learn/course/external/view/elearning/15053/introduction-to-robotics-on-aws","30m 00s","5.0"
"Getting Started with Bottlerocket","https://explore.skillbuilder.aws/learn/course/external/view/elearning/15050/getting-started-with-bottlerocket","30m 00s","5.0"
"AWS Free Tier: Introduction to Managing Services","https://explore.skillbuilder.aws/learn/course/external/view/elearning/15013/aws-free-tier-introduction-to-managing-services","10m 00s","5.0"
"AWS Free Tier: Introduction to Offerings","https://explore.skillbuilder.aws/learn/course/external/view/elearning/15012/aws-free-tier-introduction-to-offerings","10m 00s","5.0"
"AWS Free Tier: Introduction to Monitoring Services","https://explore.skillbuilder.aws/learn/course/external/view/elearning/15010/aws-free-tier-introduction-to-monitoring-services","10m 00s","4.0"
"Getting Started with AWS Cloud Essentials","https://explore.skillbuilder.aws/learn/course/external/view/elearning/15009/getting-started-with-aws-cloud-essentials","1h 00m","5.0"
"Getting Started with Amazon QuickSight","https://explore.skillbuilder.aws/learn/course/external/view/elearning/14908/getting-started-with-amazon-quicksight","1h 00m","5.0"
"Getting Started with AWS Audit Manager","https://explore.skillbuilder.aws/learn/course/external/view/elearning/14905/getting-started-with-aws-audit-manager","1h 30m","5.0"
"AWS Cloud Economics for Healthcare","https://explore.skillbuilder.aws/learn/course/external/view/elearning/14887/aws-cloud-economics-for-healthcare","1h 20m","5.0"
"Getting Started with AWS IoT SiteWise","https://explore.skillbuilder.aws/learn/course/external/view/elearning/14873/getting-started-with-aws-iot-sitewise","1h 00m","5.0"
"Getting Started with AWS Control Tower","https://explore.skillbuilder.aws/learn/course/external/view/elearning/14823/getting-started-with-aws-control-tower","1h 00m","5.0"
"Getting Started with Amazon Textract","https://explore.skillbuilder.aws/learn/course/external/view/elearning/14791/getting-started-with-amazon-textract","1h 00m","5.0"
"Mainframe Modernization Patterns and Best Practices","https://explore.skillbuilder.aws/learn/course/external/view/elearning/14761/mainframe-modernization-patterns-and-best-practices","1h 00m","5.0"
"Approach to Mainframe Migration and Modernization","https://explore.skillbuilder.aws/learn/course/external/view/elearning/14759/approach-to-mainframe-migration-and-modernization","1h 00m","5.0"
"AWS Skills Centers: Becoming a Cloud Practitioner - Half-Quiz Review","https://explore.skillbuilder.aws/learn/course/external/view/elearning/14705/aws-skills-centers-becoming-a-cloud-practitioner-half-quiz-review","1h 00m","5.0"
"AWS Skills Centers: Becoming a Cloud Practitioner - Mini-Quiz Review","https://explore.skillbuilder.aws/learn/course/external/view/elearning/14704/aws-skills-centers-becoming-a-cloud-practitioner-mini-quiz-review","20m 00s","5.0"
"AWS Skills Centers: Becoming a Cloud Practitioner - Full-Quiz Review","https://explore.skillbuilder.aws/learn/course/external/view/elearning/14703/aws-skills-centers-becoming-a-cloud-practitioner-full-quiz-review","2h 00m","5.0"
"Getting Started with AWS Security Hub","https://explore.skillbuilder.aws/learn/course/external/view/elearning/14697/getting-started-with-aws-security-hub","1h 00m","5.0"
"Introduction to AWS Resilience Hub","https://explore.skillbuilder.aws/learn/course/external/view/elearning/14679/introduction-to-aws-resilience-hub","30m 00s","5.0"
"Getting Started with Application Load Balancer","https://explore.skillbuilder.aws/learn/course/external/view/elearning/14631/getting-started-with-application-load-balancer","1h 00m","5.0"
"Getting Started with Amazon ElastiCache","https://explore.skillbuilder.aws/learn/course/external/view/elearning/14572/getting-started-with-amazon-elasticache","1h 00m","5.0"
"Basics of AWS Managed Services (AMS)","https://explore.skillbuilder.aws/learn/course/external/view/elearning/14507/basics-of-aws-managed-services-ams","20m 00s","5.0"
"Getting Started with Amazon Timestream","https://explore.skillbuilder.aws/learn/course/external/view/elearning/14501/getting-started-with-amazon-timestream","1h 00m","5.0"
"Getting Started with Gateway Load Balancer","https://explore.skillbuilder.aws/learn/course/external/view/elearning/14408/getting-started-with-gateway-load-balancer","30m 00s","4.0"
"Getting Started with Amazon ECR","https://explore.skillbuilder.aws/learn/course/external/view/elearning/14289/getting-started-with-amazon-ecr","30m 00s","5.0"
"Getting Started with Amazon EKS Anywhere","https://explore.skillbuilder.aws/learn/course/external/view/elearning/14268/getting-started-with-amazon-eks-anywhere","30m 00s","4.0"
"Getting Started with Migration Hub Refactor Spaces","https://explore.skillbuilder.aws/learn/course/external/view/elearning/14208/getting-started-with-migration-hub-refactor-spaces","1h 00m","5.0"
"Getting Started with Amazon Neptune","https://explore.skillbuilder.aws/learn/course/external/view/elearning/14165/getting-started-with-amazon-neptune","1h 00m","5.0"
"Getting Started with Amazon Detective","https://explore.skillbuilder.aws/learn/course/external/view/elearning/14077/getting-started-with-amazon-detective","1h 00m","5.0"
"Getting Started with Amazon Keyspaces","https://explore.skillbuilder.aws/learn/course/external/view/elearning/13688/getting-started-with-amazon-keyspaces","1h 00m","5.0"
"Getting Started with Amazon Redshift","https://explore.skillbuilder.aws/learn/course/external/view/elearning/13655/getting-started-with-amazon-redshift","1h 00m","5.0"
"Automatically Detect and Mitigate Account Compromise Issues","https://explore.skillbuilder.aws/learn/course/external/view/elearning/13654/automatically-detect-and-mitigate-account-compromise-issues","30m 00s","4.0"
"Getting Started with Amazon ECS","https://explore.skillbuilder.aws/learn/course/external/view/elearning/13597/getting-started-with-amazon-ecs","30m 00s","5.0"
"Introduction to Building with AWS Databases","https://explore.skillbuilder.aws/learn/course/external/view/elearning/13585/introduction-to-building-with-aws-databases","3h 00m","5.0"
"Getting Started with Amazon GuardDuty","https://explore.skillbuilder.aws/learn/course/external/view/elearning/13518/getting-started-with-amazon-guardduty","1h 00m","5.0"
"Getting Started with AWS Fargate","https://explore.skillbuilder.aws/learn/course/external/view/elearning/13380/getting-started-with-aws-fargate","30m 00s","5.0"
"Threat Modeling the Right Way for Builders Workshop","https://explore.skillbuilder.aws/learn/course/external/view/elearning/13274/threat-modeling-the-right-way-for-builders-workshop","3h 00m","5.0"
"Optimizing your FinOps Strategy with AWS","https://explore.skillbuilder.aws/learn/course/external/view/elearning/13231/optimizing-your-finops-strategy-with-aws","1h 00m","5.0"
"Selecting your Data Migration Strategy with AWS","https://explore.skillbuilder.aws/learn/course/external/view/elearning/13209/selecting-your-data-migration-strategy-with-aws","30m 00s","5.0"
"Getting Started with AWS Systems Manager","https://explore.skillbuilder.aws/learn/course/external/view/elearning/13045/getting-started-with-aws-systems-manager","1h 00m","5.0"
"AWS Cloud Economics for Startups","https://explore.skillbuilder.aws/learn/course/external/view/elearning/12954/aws-cloud-economics-for-startups","1h 00m","5.0"
"Recorded Webinar: Cloud Essentials for Everyone","https://explore.skillbuilder.aws/learn/course/external/view/elearning/12928/recorded-webinar-cloud-essentials-for-everyone","1h 30m","5.0"
"Getting Started with Network Load Balancer (NLB)","https://explore.skillbuilder.aws/learn/course/external/view/elearning/12808/getting-started-with-network-load-balancer-nlb","2h 00m","5.0"
"Getting Started with AWS Config","https://explore.skillbuilder.aws/learn/course/external/view/elearning/12609/getting-started-with-aws-config","1h 30m","5.0"
"Amazon EC2 Basics","https://explore.skillbuilder.aws/learn/course/external/view/elearning/12471/amazon-ec2-basics","50m 00s","5.0"
"AWS Networking Basics","https://explore.skillbuilder.aws/learn/course/external/view/elearning/12439/aws-networking-basics","2h 00m","5.0"
"Getting Started with Amazon Personalize","https://explore.skillbuilder.aws/learn/course/external/view/elearning/12437/getting-started-with-amazon-personalize","1h 30m","5.0"
"Getting Started with Amazon RDS for MariaDB","https://explore.skillbuilder.aws/learn/course/external/view/elearning/12331/getting-started-with-amazon-rds-for-mariadb","1h 00m","5.0"
"Amazon Connect: Introduction to the Administrative Interface","https://explore.skillbuilder.aws/learn/course/external/view/elearning/12328/amazon-connect-introduction-to-the-administrative-interface","1h 30m","5.0"
"Amazon Connect: Creating and Managing Amazon Connect Instances","https://explore.skillbuilder.aws/learn/course/external/view/elearning/12304/amazon-connect-creating-and-managing-amazon-connect-instances","1h 00m","5.0"
"Introduction to Amazon Connect and the Connect Control Panel (CCP)","https://explore.skillbuilder.aws/learn/course/external/view/elearning/12303/introduction-to-amazon-connect-and-the-connect-control-panel-ccp","45m 00s","5.0"
"Getting Started with Amazon DocumentDB (with MongoDB compatibility)","https://explore.skillbuilder.aws/learn/course/external/view/elearning/12290/getting-started-with-amazon-documentdb-with-mongodb-compatibility","1h 00m","5.0"
"Amazon FSx for NetApp ONTAP Primer","https://explore.skillbuilder.aws/learn/course/external/view/elearning/12238/amazon-fsx-for-netapp-ontap-primer","1h 15m","5.0"
"SAP on AWS (Technical)","https://explore.skillbuilder.aws/learn/course/external/view/elearning/12164/sap-on-aws-technical","4h 00m","5.0"
"Getting Started with AWS IoT","https://explore.skillbuilder.aws/learn/course/external/view/elearning/11841/getting-started-with-aws-iot","35m 00s","5.0"
"Building a Machine Learning Ready Organization","https://explore.skillbuilder.aws/learn/course/external/view/elearning/11323/building-a-machine-learning-ready-organization","30m 00s","5.0"
"Introduction to Machine Learning: Art of the Possible","https://explore.skillbuilder.aws/learn/course/external/view/elearning/11322/introduction-to-machine-learning-art-of-the-possible","30m 00s","5.0"
"Getting Started with Amazon Location Service","https://explore.skillbuilder.aws/learn/course/external/view/elearning/11215/getting-started-with-amazon-location-service","20m 00s","5.0"
"AWS Cloud for Finance Professionals","https://explore.skillbuilder.aws/learn/course/external/view/elearning/10803/aws-cloud-for-finance-professionals","17h 00m","5.0"
"AWS Elemental Statmux","https://explore.skillbuilder.aws/learn/course/external/view/elearning/10210/aws-elemental-statmux","1h 00m","5.0"
"Getting Started with Amazon MemoryDB for Redis","https://explore.skillbuilder.aws/learn/course/external/view/elearning/10067/getting-started-with-amazon-memorydb-for-redis","1h 00m","5.0"
"AWS re:Post | Guidance for Community Users","https://explore.skillbuilder.aws/learn/course/external/view/elearning/9993/aws-repost-guidance-for-community-users","16h 20m","5.0"
"Getting Started with AWS for Games – Part II","https://explore.skillbuilder.aws/learn/course/external/view/elearning/9406/getting-started-with-aws-for-games-part-ii","30m 00s","5.0"
"AWS Cloud Essentials for Business Leaders (Financial Services)","https://explore.skillbuilder.aws/learn/course/external/view/elearning/9200/aws-cloud-essentials-for-business-leaders-financial-services","2h 00m","5.0"
"AWS Cloud Essentials for Business Leaders","https://explore.skillbuilder.aws/learn/course/external/view/elearning/9199/aws-cloud-essentials-for-business-leaders","2h 00m","5.0"
"Installing AWS Outposts Servers","https://explore.skillbuilder.aws/learn/course/external/view/elearning/8828/installing-aws-outposts-servers","10m 00s","5.0"
"Getting Started with Amazon EMR","https://explore.skillbuilder.aws/learn/course/external/view/elearning/8827/getting-started-with-amazon-emr","1h 00m","5.0"
"Introduction to Step Functions","https://explore.skillbuilder.aws/learn/course/external/view/elearning/8819/introduction-to-step-functions","35m 00s","5.0"
"Getting Started with AWS Glue","https://explore.skillbuilder.aws/learn/course/external/view/elearning/8171/getting-started-with-aws-glue","1h 00m","5.0"
"Planning a Machine Learning Project","https://explore.skillbuilder.aws/learn/course/external/view/elearning/6351/planning-a-machine-learning-project","30m 00s","5.0"
"Getting Started with AWS Storage","https://explore.skillbuilder.aws/learn/course/external/view/elearning/6233/getting-started-with-aws-storage","3h 15m","5.0"
"Protecting Your Instance with Security Groups","https://explore.skillbuilder.aws/learn/course/external/view/elearning/5300/protecting-your-instance-with-security-groups","07m 00s","5.0"
"Differences Between Security Groups and NACLs","https://explore.skillbuilder.aws/learn/course/external/view/elearning/4791/differences-between-security-groups-and-nacls","07m 00s","5.0"
"Understanding Amazon EBS Volume Encryption","https://explore.skillbuilder.aws/learn/course/external/view/elearning/4211/understanding-amazon-ebs-volume-encryption","02m 00s","5.0"
"Improve Code Quality with Amazon CodeGuru Reviewer","https://explore.skillbuilder.aws/learn/course/external/view/elearning/3632/improve-code-quality-with-amazon-codeguru-reviewer","1h 00m","5.0"
"Getting Started with AWS CloudFormation","https://explore.skillbuilder.aws/learn/course/external/view/elearning/3627/getting-started-with-aws-cloudformation","20m 00s","5.0"
"AWS Well-Architected","https://explore.skillbuilder.aws/learn/course/external/view/elearning/2045/aws-well-architected","1h 30m","5.0"
"AWS Cloud Practitioner Essentials: Cloud Concepts","https://explore.skillbuilder.aws/learn/course/external/view/elearning/2022/aws-cloud-practitioner-essentials-cloud-concepts","30m 00s","5.0"
"Getting Started with DevOps on AWS","https://explore.skillbuilder.aws/learn/course/external/view/elearning/2000/getting-started-with-devops-on-aws","1h 00m","5.0"
"AWS Cloud Practitioner Essentials: Core Services","https://explore.skillbuilder.aws/learn/course/external/view/elearning/1990/aws-cloud-practitioner-essentials-core-services","3h 00m","5.0"
"Introduction to Machine Learning","https://explore.skillbuilder.aws/learn/course/external/view/elearning/1970/introduction-to-machine-learning","10m 00s","5.0"
"AWS Foundations: Cost Management","https://explore.skillbuilder.aws/learn/course/external/view/elearning/1955/aws-foundations-cost-management","35m 00s","5.0"
"AWS Managed Services (AMS): Virtual Foundations Assessment","https://explore.skillbuilder.aws/learn/course/external/view/elearning/1937/aws-managed-services-ams-virtual-foundations-assessment","25m 00s","5.0"
"Tensorflow and PyTorch on AWS","https://explore.skillbuilder.aws/learn/course/external/view/elearning/1878/tensorflow-and-pytorch-on-aws","30m 00s","5.0"
"Twitch Series: AWS Power Hour Amazon Comprehend","https://explore.skillbuilder.aws/learn/course/external/view/elearning/1861/twitch-series-aws-power-hour-amazon-comprehend","1h 05m","5.0"
"Twitch Series: AWS Power Hour Introduction to Machine Learning for Developers","https://explore.skillbuilder.aws/learn/course/external/view/elearning/1854/twitch-series-aws-power-hour-introduction-to-machine-learning-for-developers","1h 05m","5.0"
"AWS Technical Essentials","https://explore.skillbuilder.aws/learn/course/external/view/elearning/1851/aws-technical-essentials","4h 00m","5.0"
"AWS Managed Services (AMS): Virtual Foundations Curriculum","https://explore.skillbuilder.aws/learn/course/external/view/elearning/1751/aws-managed-services-ams-virtual-foundations-curriculum","1h 15m","5.0"
"AWS Application Migration Service (AWS MGN) – A Technical Introduction","https://explore.skillbuilder.aws/learn/course/external/view/elearning/1727/aws-application-migration-service-aws-mgn-a-technical-introduction","2h 00m","5.0"
"Introduction to Amazon Elastic Load Balancer - Classic","https://explore.skillbuilder.aws/learn/course/external/view/elearning/1688/introduction-to-amazon-elastic-load-balancer-classic","14m 00s","5.0"
"Introduction to the AWS Cloud","https://explore.skillbuilder.aws/learn/course/external/view/elearning/1679/introduction-to-the-aws-cloud","20m 00s","5.0"
"AWS SaaS Factory Architecture Track: SaaS 101","https://explore.skillbuilder.aws/learn/course/external/view/elearning/1667/aws-saas-factory-architecture-track-saas-101","45m 00s","5.0"
"Migration Evaluator Overview for Customers","https://explore.skillbuilder.aws/learn/course/external/view/elearning/1646/migration-evaluator-overview-for-customers","30m 00s","5.0"
"Twitch Series: AWS Power Hour Amazon Personalize","https://explore.skillbuilder.aws/learn/course/external/view/elearning/1637/twitch-series-aws-power-hour-amazon-personalize","1h 05m","5.0"
"Introduction to Amazon Route 53","https://explore.skillbuilder.aws/learn/course/external/view/elearning/1630/introduction-to-amazon-route-53","08m 00s","5.0"
"AWS Managed Services (AMS): Application Onboarding","https://explore.skillbuilder.aws/learn/course/external/view/elearning/1603/aws-managed-services-ams-application-onboarding","1h 00m","5.0"
"Getting Started with Cloud Acquisition","https://explore.skillbuilder.aws/learn/course/external/view/elearning/1575/getting-started-with-cloud-acquisition","1h 20m","5.0"
"Introduction to AWS Media Services by Use Case","https://explore.skillbuilder.aws/learn/course/external/view/elearning/1558/introduction-to-aws-media-services-by-use-case","45m 00s","5.0"
"Twitch Series: AWS Power Hour Amazon Connect & Amazon Lex","https://explore.skillbuilder.aws/learn/course/external/view/elearning/1535/twitch-series-aws-power-hour-amazon-connect-amazon-lex","1h 10m","5.0"
"Amazon Route 53 - Basics of Domain Name System (AWS Support)","https://explore.skillbuilder.aws/learn/course/external/view/elearning/1528/amazon-route-53-basics-of-domain-name-system-aws-support","15m 00s","5.0"
"Introduction to Deep Learning","https://explore.skillbuilder.aws/learn/course/external/view/elearning/1506/introduction-to-deep-learning","20m 00s","5.0"
"AWS Managed Services Architecture: Customer Environments","https://explore.skillbuilder.aws/learn/course/external/view/elearning/1498/aws-managed-services-architecture-customer-environments","1h 15m",""
"Twitch Series: AWS Power Hour Amazon Kendra","https://explore.skillbuilder.aws/learn/course/external/view/elearning/1476/twitch-series-aws-power-hour-amazon-kendra","1h 05m","5.0"
"Twitch Series: AWS Power Hour Amazon CodeGuru","https://explore.skillbuilder.aws/learn/course/external/view/elearning/1444/twitch-series-aws-power-hour-amazon-codeguru","1h 05m",""
"Introduction to Artificial Intelligence","https://explore.skillbuilder.aws/learn/course/external/view/elearning/1423/introduction-to-artificial-intelligence","10m 00s","5.0"
"Machine Learning Essentials for Business and Technical Decision Makers","https://explore.skillbuilder.aws/learn/course/external/view/elearning/1404/machine-learning-essentials-for-business-and-technical-decision-makers","1h 30m","5.0"
"Understanding AWS Networking Gateways","https://explore.skillbuilder.aws/learn/course/external/view/elearning/1377/understanding-aws-networking-gateways","30m 00s","5.0"
"Troubleshooting: AWS CloudFormation Stacks","https://explore.skillbuilder.aws/learn/course/external/view/elearning/1336/troubleshooting-aws-cloudformation-stacks","30m 00s","5.0"
"Video Streaming Concepts: AWS Media Services","https://explore.skillbuilder.aws/learn/course/external/view/elearning/1323/video-streaming-concepts-aws-media-services","1h 00m","5.0"
"ServiceNow Connector Application","https://explore.skillbuilder.aws/learn/course/external/view/elearning/1321/servicenow-connector-application","8h 00m","5.0"
"Twitch Series: AWS Power Hour Amazon Textract","https://explore.skillbuilder.aws/learn/course/external/view/elearning/1311/twitch-series-aws-power-hour-amazon-textract","1h 05m","5.0"
"AWS Managed Services (AMS): Introduction","https://explore.skillbuilder.aws/learn/course/external/view/elearning/1298/aws-managed-services-ams-introduction","20m 00s","5.0"
"Accessibility Audit","https://explore.skillbuilder.aws/learn/course/external/view/elearning/1282/accessibility-audit","15m 00s","4.0"
"AWS Certification Subject Matter Expert Training","https://explore.skillbuilder.aws/learn/course/external/view/elearning/1117/aws-certification-subject-matter-expert-training","2h 30m","5.0"
"Migrating from Apache Cassandra to Amazon Keyspaces","https://explore.skillbuilder.aws/learn/course/external/view/elearning/526/migrating-from-apache-cassandra-to-amazon-keyspaces","30m 00s","5.0"
"Migrating from Microsoft SQL Server to Amazon RDS","https://explore.skillbuilder.aws/learn/course/external/view/elearning/523/migrating-from-microsoft-sql-server-to-amazon-rds","30m 00s","5.0"
"Migrating from MongoDB to Amazon DocumentDB","https://explore.skillbuilder.aws/learn/course/external/view/elearning/521/migrating-from-mongodb-to-amazon-documentdb","30m 00s","5.0"
"Migrating from Redis to Amazon ElastiCache","https://explore.skillbuilder.aws/learn/course/external/view/elearning/520/migrating-from-redis-to-amazon-elasticache","30m 00s","5.0"
"Migrating from MySQL to Amazon RDS","https://explore.skillbuilder.aws/learn/course/external/view/elearning/518/migrating-from-mysql-to-amazon-rds","30m 00s","5.0"
"Introduction to AWS Solutions","https://explore.skillbuilder.aws/learn/course/external/view/elearning/515/introduction-to-aws-solutions","45m 00s","5.0"
"Migrating from Oracle to Amazon RDS","https://explore.skillbuilder.aws/learn/course/external/view/elearning/508/migrating-from-oracle-to-amazon-rds","30m 00s","5.0"
"Twitch Series: AWS Power Hour Machine Learning","https://explore.skillbuilder.aws/learn/course/external/view/elearning/506/twitch-series-aws-power-hour-machine-learning","8h 00m","5.0"
"Migrating from PostgreSQL to Amazon RDS","https://explore.skillbuilder.aws/learn/course/external/view/elearning/505/migrating-from-postgresql-to-amazon-rds","30m 00s","5.0"
"Media Glossary","https://explore.skillbuilder.aws/learn/course/external/view/elearning/487/media-glossary","30m 00s","5.0"
"Chime User Best Practices","https://explore.skillbuilder.aws/learn/course/external/view/elearning/483/chime-user-best-practices","1h 00m","5.0"
"AWS Foundations: Getting Started with the AWS Cloud Essentials","https://explore.skillbuilder.aws/learn/course/external/view/elearning/482/aws-foundations-getting-started-with-the-aws-cloud-essentials","1h 00m","5.0"
"AWS Elemental Link - Getting Started","https://explore.skillbuilder.aws/learn/course/external/view/elearning/480/aws-elemental-link-getting-started","20m 00s","5.0"
"AWS Identity and Access Management - Architecture and Terminology","https://explore.skillbuilder.aws/learn/course/external/view/elearning/479/aws-identity-and-access-management-architecture-and-terminology","15m 00s","5.0"
"PostgreSQL Fundamentals: Explain","https://explore.skillbuilder.aws/learn/course/external/view/elearning/478/postgresql-fundamentals-explain","30m 00s","5.0"
"AWS Managed Services (AMS): Readiness","https://explore.skillbuilder.aws/learn/course/external/view/elearning/477/aws-managed-services-ams-readiness","12h 00m","5.0"
"EMEA Summit Recordings","https://explore.skillbuilder.aws/learn/course/external/view/elearning/474/emea-summit-recordings","5h 00m","5.0"
"AWS Managed Services (AMS): Managed AWS Landing Zone","https://explore.skillbuilder.aws/learn/course/external/view/elearning/473/aws-managed-services-ams-managed-aws-landing-zone","4h 30m","4.0"
"AWS Managed Services (AMS): Onboarding","https://explore.skillbuilder.aws/learn/course/external/view/elearning/472/aws-managed-services-ams-onboarding","1h 30m","5.0"
"AWS Foundations: How Amazon SageMaker Can Help","https://explore.skillbuilder.aws/learn/course/external/view/elearning/471/aws-foundations-how-amazon-sagemaker-can-help","30m 00s","5.0"
"PostgreSQL Fundamentals: SQL Command Line","https://explore.skillbuilder.aws/learn/course/external/view/elearning/470/postgresql-fundamentals-sql-command-line","15m 00s","5.0"
"PostgreSQL Fundamentals: Architecture","https://explore.skillbuilder.aws/learn/course/external/view/elearning/468/postgresql-fundamentals-architecture","1h 00m","5.0"
"Amazon Quantum Ledger Database (QLDB) Service Primer","https://explore.skillbuilder.aws/learn/course/external/view/elearning/466/amazon-quantum-ledger-database-qldb-service-primer","20m 00s","5.0"
"AWS SaaS Factory Architecture Track: SaaS Migration Strategies","https://explore.skillbuilder.aws/learn/course/external/view/elearning/465/aws-saas-factory-architecture-track-saas-migration-strategies","1h 35m","5.0"
"Introduction to Blockchain","https://explore.skillbuilder.aws/learn/course/external/view/elearning/462/introduction-to-blockchain","1h 00m","5.0"
"Let's Build in Amazon Honeycode","https://explore.skillbuilder.aws/learn/course/external/view/elearning/461/lets-build-in-amazon-honeycode","30m 00s","5.0"
"Accelerating Messaging Modernization with Amazon MQ","https://explore.skillbuilder.aws/learn/course/external/view/elearning/460/accelerating-messaging-modernization-with-amazon-mq","1h 30m","5.0"
"Cloud Audit Academy - Cloud Agnostic","https://explore.skillbuilder.aws/learn/course/external/view/elearning/459/cloud-audit-academy-cloud-agnostic","3h 00m","5.0"
"AWS Identity and Access Management - Basics","https://explore.skillbuilder.aws/learn/course/external/view/elearning/454/aws-identity-and-access-management-basics","15m 00s","5.0"
"Getting Started with AWS for Games – Part I","https://explore.skillbuilder.aws/learn/course/external/view/elearning/450/getting-started-with-aws-for-games-part-i","55m 00s","5.0"
"Migrating to AWS: A high level introduction","https://explore.skillbuilder.aws/learn/course/external/view/elearning/449/migrating-to-aws-a-high-level-introduction","40m 00s","5.0"
"Amazon Route 53 - Domains","https://explore.skillbuilder.aws/learn/course/external/view/elearning/443/amazon-route-53-domains","10m 00s","5.0"
"Machine Learning in the Cloud with AWS Batch","https://explore.skillbuilder.aws/learn/course/external/view/elearning/441/machine-learning-in-the-cloud-with-aws-batch","20m 00s","5.0"
"Detect Anomalies in Game Transactions with ML and Sagemaker","https://explore.skillbuilder.aws/learn/course/external/view/elearning/440/detect-anomalies-in-game-transactions-with-ml-and-sagemaker","30m 00s","5.0"
"SaaS Business Fundamentals","https://explore.skillbuilder.aws/learn/course/external/view/elearning/439/saas-business-fundamentals","1h 30m","5.0"
"Amazon Aurora MySQL - Migration","https://explore.skillbuilder.aws/learn/course/external/view/elearning/438/amazon-aurora-mysql-migration","20m 00s","4.0"
"Amazon Quantum Ledger Database (QLDB) Service Introduction","https://explore.skillbuilder.aws/learn/course/external/view/elearning/427/amazon-quantum-ledger-database-qldb-service-introduction","10m 00s","5.0"
"Introduction to AWS Inferentia and Amazon EC2 Inf1 Instances","https://explore.skillbuilder.aws/learn/course/external/view/elearning/426/introduction-to-aws-inferentia-and-amazon-ec2-inf1-instances","15m 00s","5.0"
"Amazon Honeycode Essentials","https://explore.skillbuilder.aws/learn/course/external/view/elearning/423/amazon-honeycode-essentials","20m 00s","5.0"
"AWS Foundations: Strategies and Tools to Perform Large-Scale Migrations","https://explore.skillbuilder.aws/learn/course/external/view/elearning/419/aws-foundations-strategies-and-tools-to-perform-large-scale-migrations","1h 00m","5.0"
"Introduction to AWS Global Accelerator","https://explore.skillbuilder.aws/learn/course/external/view/elearning/398/introduction-to-aws-global-accelerator","08m 00s","5.0"
"Amazon Aurora Service Primer","https://explore.skillbuilder.aws/learn/course/external/view/elearning/394/amazon-aurora-service-primer","20m 00s","5.0"
"Amazon Aurora Service Introduction","https://explore.skillbuilder.aws/learn/course/external/view/elearning/393/amazon-aurora-service-introduction","05m 00s","4.0"
"IoT Foundation: Predictive Maintenance","https://explore.skillbuilder.aws/learn/course/external/view/elearning/391/iot-foundation-predictive-maintenance","2h 00m","5.0"
"Amazon ElastiCache Service Primer","https://explore.skillbuilder.aws/learn/course/external/view/elearning/389/amazon-elasticache-service-primer","20m 00s","5.0"
"Demystifying AI/ML/DL","https://explore.skillbuilder.aws/learn/course/external/view/elearning/385/demystifying-aimldl","45m 00s","5.0"
"Introduction to Amazon Kinesis Data Analytics for Java Applications","https://explore.skillbuilder.aws/learn/course/external/view/elearning/384/introduction-to-amazon-kinesis-data-analytics-for-java-applications","15m 00s","5.0"
"Amazon Neptune Service Introduction","https://explore.skillbuilder.aws/learn/course/external/view/elearning/379/amazon-neptune-service-introduction","05m 00s","5.0"
"AWS Managed Services (AMS): Incident Management Overview","https://explore.skillbuilder.aws/learn/course/external/view/elearning/376/aws-managed-services-ams-incident-management-overview","10h 00m","5.0"
"PostgreSQL Fundamentals","https://explore.skillbuilder.aws/learn/course/external/view/elearning/372/postgresql-fundamentals","20m 00s","5.0"
"Amazon RDS Service Introduction","https://explore.skillbuilder.aws/learn/course/external/view/elearning/370/amazon-rds-service-introduction","05m 00s","5.0"
"Amazon DocumentDB Service Introduction","https://explore.skillbuilder.aws/learn/course/external/view/elearning/366/amazon-documentdb-service-introduction","05m 00s","4.0"
"AWS Managed Services (AMS): Security Management Overview","https://explore.skillbuilder.aws/learn/course/external/view/elearning/363/aws-managed-services-ams-security-management-overview","4h 30m","5.0"
"Introduction to Decoupled Applications","https://explore.skillbuilder.aws/learn/course/external/view/elearning/362/introduction-to-decoupled-applications","20m 00s","4.0"
"AWS SaaS Factory Architecture Track: SaaS Identity and Onboarding","https://explore.skillbuilder.aws/learn/course/external/view/elearning/361/aws-saas-factory-architecture-track-saas-identity-and-onboarding","1h 00m","5.0"
"Introduction to Amazon Route 53 Resolver","https://explore.skillbuilder.aws/learn/course/external/view/elearning/355/introduction-to-amazon-route-53-resolver","1h 10m","5.0"
"Amazon Redshift Service Primer","https://explore.skillbuilder.aws/learn/course/external/view/elearning/354/amazon-redshift-service-primer","20m 00s","5.0"
"Machine Learning for Business Challenges","https://explore.skillbuilder.aws/learn/course/external/view/elearning/349/machine-learning-for-business-challenges","1h 00m","5.0"
"Introduction to AWS Ground Station","https://explore.skillbuilder.aws/learn/course/external/view/elearning/345/introduction-to-aws-ground-station","1h 10m","5.0"
"AWS Managed Services (AMS): Change Management Overview","https://explore.skillbuilder.aws/learn/course/external/view/elearning/337/aws-managed-services-ams-change-management-overview","14h 00m","5.0"
"Introduction to Amazon SageMaker Ground Truth","https://explore.skillbuilder.aws/learn/course/external/view/elearning/335/introduction-to-amazon-sagemaker-ground-truth","10m 00s","5.0"
"Network Ninja to Cloud Ninja","https://explore.skillbuilder.aws/learn/course/external/view/elearning/328/network-ninja-to-cloud-ninja","30m 00s","5.0"
"Amazon DynamoDB Service Introduction","https://explore.skillbuilder.aws/learn/course/external/view/elearning/326/amazon-dynamodb-service-introduction","05m 00s","5.0"
"Exploring the Machine Learning Toolset","https://explore.skillbuilder.aws/learn/course/external/view/elearning/325/exploring-the-machine-learning-toolset","20m 00s","5.0"
"Amazon DynamoDB Service Primer","https://explore.skillbuilder.aws/learn/course/external/view/elearning/324/amazon-dynamodb-service-primer","20m 00s","5.0"
"Amazon Neptune Service Primer","https://explore.skillbuilder.aws/learn/course/external/view/elearning/317/amazon-neptune-service-primer","20m 00s","5.0"
"AWS Managed Services (AMS): Access Management","https://explore.skillbuilder.aws/learn/course/external/view/elearning/316/aws-managed-services-ams-access-management","4h 30m","5.0"
"Introduction to IoT Device Defender","https://explore.skillbuilder.aws/learn/course/external/view/elearning/310/introduction-to-iot-device-defender","20m 00s","5.0"
"Machine Learning for Leaders","https://explore.skillbuilder.aws/learn/course/external/view/elearning/309/machine-learning-for-leaders","1h 10m","5.0"
"Introduction to Amazon Elastic Inference","https://explore.skillbuilder.aws/learn/course/external/view/elearning/303/introduction-to-amazon-elastic-inference","10m 00s","5.0"
"The Machine Learning Process","https://explore.skillbuilder.aws/learn/course/external/view/elearning/294/the-machine-learning-process","1h 00m","5.0"
"Introduction to Amazon SageMaker Neo","https://explore.skillbuilder.aws/learn/course/external/view/elearning/293/introduction-to-amazon-sagemaker-neo","10m 00s","5.0"
"Introduction to Amazon Comprehend Medical","https://explore.skillbuilder.aws/learn/course/external/view/elearning/288/introduction-to-amazon-comprehend-medical","1h 10m","5.0"
"Amazon RDS Service Primer","https://explore.skillbuilder.aws/learn/course/external/view/elearning/287/amazon-rds-service-primer","20m 00s","5.0"
"AWS Managed Services Console Walkthrough","https://explore.skillbuilder.aws/learn/course/external/view/elearning/286/aws-managed-services-console-walkthrough","15m 00s","5.0"
"IoT Microcontrollers: Onboarding a Raspberry Pi using Raspbian","https://explore.skillbuilder.aws/learn/course/external/view/elearning/285/iot-microcontrollers-onboarding-a-raspberry-pi-using-raspbian","4h 20m","5.0"
"Amazon Redshift Service Introduction","https://explore.skillbuilder.aws/learn/course/external/view/elearning/283/amazon-redshift-service-introduction","05m 00s","5.0"
"Amazon ElastiCache Service Introduction","https://explore.skillbuilder.aws/learn/course/external/view/elearning/281/amazon-elasticache-service-introduction","05m 00s","5.0"
"Amazon DocumentDB Service Primer","https://explore.skillbuilder.aws/learn/course/external/view/elearning/278/amazon-documentdb-service-primer","20m 00s","5.0"
"AWS Managed Services (AMS): Patch Management Overview","https://explore.skillbuilder.aws/learn/course/external/view/elearning/277/aws-managed-services-ams-patch-management-overview","10h 00m","5.0"
"Introduction to Amazon CloudWatch Logs Insights","https://explore.skillbuilder.aws/learn/course/external/view/elearning/265/introduction-to-amazon-cloudwatch-logs-insights","13m 00s","5.0"
"Introduction to AWS Marketplace - Machine Learning Category","https://explore.skillbuilder.aws/learn/course/external/view/elearning/264/introduction-to-aws-marketplace-machine-learning-category","10m 00s","5.0"
"Deploying and Scaling Applications with Amazon Lightsail","https://explore.skillbuilder.aws/learn/course/external/view/elearning/262/deploying-and-scaling-applications-with-amazon-lightsail","1h 30m","5.0"
"Introduction to Amazon Polly","https://explore.skillbuilder.aws/learn/course/external/view/elearning/259/introduction-to-amazon-polly","10m 00s","5.0"
"Introduction to AWS Batch","https://explore.skillbuilder.aws/learn/course/external/view/elearning/258/introduction-to-aws-batch","15m 00s","5.0"
"Instance Isolation with Elastic Network Interfaces","https://explore.skillbuilder.aws/learn/course/external/view/elearning/257/instance-isolation-with-elastic-network-interfaces","1h 10m","5.0"
"AWS Mobile Service Overview","https://explore.skillbuilder.aws/learn/course/external/view/elearning/256/aws-mobile-service-overview","05m 00s","5.0"
"Introduction to AWS Service Catalog","https://explore.skillbuilder.aws/learn/course/external/view/elearning/255/introduction-to-aws-service-catalog","10m 00s","5.0"
"Introduction to AWS Management Console","https://explore.skillbuilder.aws/learn/course/external/view/elearning/253/introduction-to-aws-management-console","20m 00s","5.0"
"Introduction to AWS Marketplace","https://explore.skillbuilder.aws/learn/course/external/view/elearning/252/introduction-to-aws-marketplace","11m 00s","5.0"
"Introduction to Amazon Translate","https://explore.skillbuilder.aws/learn/course/external/view/elearning/251/introduction-to-amazon-translate","09m 00s","5.0"
"Introduction to Amazon Lex","https://explore.skillbuilder.aws/learn/course/external/view/elearning/249/introduction-to-amazon-lex","10m 00s","5.0"
"Introduction to AWS Device Farm","https://explore.skillbuilder.aws/learn/course/external/view/elearning/248/introduction-to-aws-device-farm","2h 10m","5.0"
"Introduction to Amazon Rekognition","https://explore.skillbuilder.aws/learn/course/external/view/elearning/247/introduction-to-amazon-rekognition","1h 10m","5.0"
"Introduction to Amazon Mechanical Turk","https://explore.skillbuilder.aws/learn/course/external/view/elearning/245/introduction-to-amazon-mechanical-turk","07m 00s","5.0"
"AWS Marketplace Overview","https://explore.skillbuilder.aws/learn/course/external/view/elearning/244/aws-marketplace-overview","1h 10m","4.0"
"Introduction to AWS Mobile Hub","https://explore.skillbuilder.aws/learn/course/external/view/elearning/243/introduction-to-aws-mobile-hub","10m 00s","5.0"
"Introduction to Amazon EC2 Systems Manager","https://explore.skillbuilder.aws/learn/course/external/view/elearning/241/introduction-to-amazon-ec2-systems-manager","10m 00s","5.0"
"Introduction to Amazon SageMaker","https://explore.skillbuilder.aws/learn/course/external/view/elearning/240/introduction-to-amazon-sagemaker","13m 00s","5.0"
"AWS Messaging Services Overview","https://explore.skillbuilder.aws/learn/course/external/view/elearning/239/aws-messaging-services-overview","05m 00s","5.0"
"Introduction to Dedicated Instances","https://explore.skillbuilder.aws/learn/course/external/view/elearning/238/introduction-to-dedicated-instances","15m 00s","5.0"
"AWS IoT: Visual Walkthrough","https://explore.skillbuilder.aws/learn/course/external/view/elearning/236/aws-iot-visual-walkthrough","1h 10m","4.0"
"Introduction to AWS Trusted Advisor","https://explore.skillbuilder.aws/learn/course/external/view/elearning/234/introduction-to-aws-trusted-advisor","10m 00s","5.0"
"Introduction to Amazon Elastic Container Service","https://explore.skillbuilder.aws/learn/course/external/view/elearning/233/introduction-to-amazon-elastic-container-service","10m 00s","5.0"
"Introduction to Amazon API Gateway","https://explore.skillbuilder.aws/learn/course/external/view/elearning/232/introduction-to-amazon-api-gateway","10m 00s","5.0"
"Introduction to AWS IoT Device Management","https://explore.skillbuilder.aws/learn/course/external/view/elearning/231/introduction-to-aws-iot-device-management","1h 10m","5.0"
"Introduction to Amazon Pinpoint","https://explore.skillbuilder.aws/learn/course/external/view/elearning/230/introduction-to-amazon-pinpoint","10m 00s","4.0"
"Introduction to Amazon WorkDocs","https://explore.skillbuilder.aws/learn/course/external/view/elearning/229/introduction-to-amazon-workdocs","10m 00s","5.0"
"AWS Application Services Overview","https://explore.skillbuilder.aws/learn/course/external/view/elearning/228/aws-application-services-overview","05m 00s","5.0"
"Introduction to AWS IoT","https://explore.skillbuilder.aws/learn/course/external/view/elearning/226/introduction-to-aws-iot","1h 10m","5.0"
"Introduction to Amazon Simple Workflow","https://explore.skillbuilder.aws/learn/course/external/view/elearning/225/introduction-to-amazon-simple-workflow","10m 00s","5.0"
"Introduction to Amazon Transcribe","https://explore.skillbuilder.aws/learn/course/external/view/elearning/224/introduction-to-amazon-transcribe","10m 00s","5.0"
"Introduction to AWS Command Line Interface (CLI)","https://explore.skillbuilder.aws/learn/course/external/view/elearning/223/introduction-to-aws-command-line-interface-cli","10m 00s","5.0"
"Introduction to AWS OpsWorks Stacks","https://explore.skillbuilder.aws/learn/course/external/view/elearning/221/introduction-to-aws-opsworks-stacks","10m 00s","5.0"
"AWS SaaS Factory Architecture Track: Multi-Tenant Data Partitioning","https://explore.skillbuilder.aws/learn/course/external/view/elearning/220/aws-saas-factory-architecture-track-multi-tenant-data-partitioning","1h 00m","5.0"
"Introduction to AWS Organizations","https://explore.skillbuilder.aws/learn/course/external/view/elearning/219/introduction-to-aws-organizations","06m 00s","5.0"
"Introduction to Amazon Cloud Directory","https://explore.skillbuilder.aws/learn/course/external/view/elearning/218/introduction-to-amazon-cloud-directory","10m 00s","5.0"
"IoT Edge Computing: Introduction to Amazon FreeRTOS","https://explore.skillbuilder.aws/learn/course/external/view/elearning/217/iot-edge-computing-introduction-to-amazon-freertos","10m 00s","5.0"
"Understanding Placement Groups","https://explore.skillbuilder.aws/learn/course/external/view/elearning/215/understanding-placement-groups","10m 00s","5.0"
"AWS SaaS Factory Architecture Track: Tenant Isolation","https://explore.skillbuilder.aws/learn/course/external/view/elearning/213/aws-saas-factory-architecture-track-tenant-isolation","40m 00s","5.0"
"Introduction to Amazon Macie","https://explore.skillbuilder.aws/learn/course/external/view/elearning/212/introduction-to-amazon-macie","10m 00s","5.0"
"Introduction to Amazon Simple Notification Service (SNS)","https://explore.skillbuilder.aws/learn/course/external/view/elearning/211/introduction-to-amazon-simple-notification-service-sns","10m 00s","4.0"
"Getting Started with AWS IoT Greengrass","https://explore.skillbuilder.aws/learn/course/external/view/elearning/208/getting-started-with-aws-iot-greengrass","40m 00s","5.0"
"Introduction to AWS Application Discovery Service","https://explore.skillbuilder.aws/learn/course/external/view/elearning/207/introduction-to-aws-application-discovery-service","20m 00s","5.0"
"Subnets, Gateways, and Route Tables Explained","https://explore.skillbuilder.aws/learn/course/external/view/elearning/206/subnets-gateways-and-route-tables-explained","17m 00s","5.0"
"Introduction to Amazon CloudWatch","https://explore.skillbuilder.aws/learn/course/external/view/elearning/203/introduction-to-amazon-cloudwatch","10m 00s","5.0"
"Introduction to AWS Mobile SDK","https://explore.skillbuilder.aws/learn/course/external/view/elearning/201/introduction-to-aws-mobile-sdk","10m 00s","4.0"
"Introduction to AWS OpsWorks for Chef Automate","https://explore.skillbuilder.aws/learn/course/external/view/elearning/200/introduction-to-aws-opsworks-for-chef-automate","10m 00s","4.0"
"AWS Compute Services Overview","https://explore.skillbuilder.aws/learn/course/external/view/elearning/199/aws-compute-services-overview","40m 00s","5.0"
"Introduction to Data Encryption","https://explore.skillbuilder.aws/learn/course/external/view/elearning/196/introduction-to-data-encryption","10m 00s","5.0"
"Introduction to Amazon Simple Queue Service (SQS)","https://explore.skillbuilder.aws/learn/course/external/view/elearning/195/introduction-to-amazon-simple-queue-service-sqs","1h 10m","5.0"
"Introduction to AWS CloudFormation","https://explore.skillbuilder.aws/learn/course/external/view/elearning/194/introduction-to-aws-cloudformation","10m 00s","5.0"
"Getting Started with AWS CloudTrail","https://explore.skillbuilder.aws/learn/course/external/view/elearning/193/getting-started-with-aws-cloudtrail","1h 00m","5.0"
"Introduction to AWS CodeStar","https://explore.skillbuilder.aws/learn/course/external/view/elearning/192/introduction-to-aws-codestar","1h 10m","5.0"
"Introduction to Amazon CloudWatch Logs","https://explore.skillbuilder.aws/learn/course/external/view/elearning/191/introduction-to-amazon-cloudwatch-logs","10m 00s","5.0"
"Introduction to Amazon Certificate Manager Private Certificate Authority","https://explore.skillbuilder.aws/learn/course/external/view/elearning/190/introduction-to-amazon-certificate-manager-private-certificate-authority","15m 00s","5.0"
"Introduction to the AWS Cloud Adoption Framework (CAF)","https://explore.skillbuilder.aws/learn/course/external/view/elearning/189/introduction-to-the-aws-cloud-adoption-framework-caf","45m 00s","5.0"
"Introduction to AWS Artifact","https://explore.skillbuilder.aws/learn/course/external/view/elearning/187/introduction-to-aws-artifact","1h 10m","5.0"
"Introduction to AWS Security Token Services (STS)","https://explore.skillbuilder.aws/learn/course/external/view/elearning/186/introduction-to-aws-security-token-services-sts","20m 00s","4.0"
"Introduction to Amazon Inspector","https://explore.skillbuilder.aws/learn/course/external/view/elearning/185/introduction-to-amazon-inspector","15m 00s","5.0"
"Introduction to AWS Elastic Beanstalk","https://explore.skillbuilder.aws/learn/course/external/view/elearning/184/introduction-to-aws-elastic-beanstalk","10m 00s","5.0"
"Introduction to Amazon Elastic Container Registry","https://explore.skillbuilder.aws/learn/course/external/view/elearning/183/introduction-to-amazon-elastic-container-registry","10m 00s","5.0"
"Intro to Healthcare and Life Sciences (HCLS) Compliance on AWS","https://explore.skillbuilder.aws/learn/course/external/view/elearning/182/intro-to-healthcare-and-life-sciences-hcls-compliance-on-aws","15m 00s","5.0"
"Introduction to Amazon Kinesis Streams","https://explore.skillbuilder.aws/learn/course/external/view/elearning/157/introduction-to-amazon-kinesis-streams","11m 00s","5.0"
"Job Roles in the Cloud","https://explore.skillbuilder.aws/learn/course/external/view/elearning/156/job-roles-in-the-cloud","30m 00s","5.0"
"AWS Shared Responsibility Model","https://explore.skillbuilder.aws/learn/course/external/view/elearning/155/aws-shared-responsibility-model","05m 00s","5.0"
"Introduction to AWS IoT Analytics","https://explore.skillbuilder.aws/learn/course/external/view/elearning/153/introduction-to-aws-iot-analytics","30m 00s","5.0"
"Introduction to Amazon Athena","https://explore.skillbuilder.aws/learn/course/external/view/elearning/152/introduction-to-amazon-athena","10m 00s","5.0"
"Introduction to Amazon FSx for Windows File Server","https://explore.skillbuilder.aws/learn/course/external/view/elearning/140/introduction-to-amazon-fsx-for-windows-file-server","1h 20m","5.0"
"Introduction to Amazon Quicksight","https://explore.skillbuilder.aws/learn/course/external/view/elearning/137/introduction-to-amazon-quicksight","18m 00s","5.0"
"Introduction to Amazon Elastic MapReduce (EMR)","https://explore.skillbuilder.aws/learn/course/external/view/elearning/135/introduction-to-amazon-elastic-mapreduce-emr","15m 00s","5.0"
"AWS Cloud Practitioner Essentials","https://explore.skillbuilder.aws/learn/course/external/view/elearning/134/aws-cloud-practitioner-essentials","6h 00m","5.0"
"Introduction to Amazon FSx for Lustre","https://explore.skillbuilder.aws/learn/course/external/view/elearning/132/introduction-to-amazon-fsx-for-lustre","1h 10m","5.0"
"Introduction to Amazon Kinesis Analytics","https://explore.skillbuilder.aws/learn/course/external/view/elearning/131/introduction-to-amazon-kinesis-analytics","07m 00s","5.0"
"AWS Billing and Cost Management","https://explore.skillbuilder.aws/learn/course/external/view/elearning/129/aws-billing-and-cost-management","06m 00s","5.0"
"Introduction to AWS Auto Scaling","https://explore.skillbuilder.aws/learn/course/external/view/elearning/124/introduction-to-aws-auto-scaling","17m 00s","5.0"
"Introduction to AWS CodeBuild","https://explore.skillbuilder.aws/learn/course/external/view/elearning/123/introduction-to-aws-codebuild","10m 00s","5.0"
"AWS Development Tools Services Overview","https://explore.skillbuilder.aws/learn/course/external/view/elearning/122/aws-development-tools-services-overview","05m 00s","5.0"
"Introduction to AWS Identity and Access Management (IAM)","https://explore.skillbuilder.aws/learn/course/external/view/elearning/120/introduction-to-aws-identity-and-access-management-iam","07m 00s","5.0"
"AWS Foundations: Machine Learning Basics","https://explore.skillbuilder.aws/learn/course/external/view/elearning/118/aws-foundations-machine-learning-basics","30m 00s","5.0"
"AWS Elemental Live - Foundations","https://explore.skillbuilder.aws/learn/course/external/view/elearning/112/aws-elemental-live-foundations","2h 00m","5.0"
"Getting into the Serverless Mindset","https://explore.skillbuilder.aws/learn/course/external/view/elearning/105/getting-into-the-serverless-mindset","30m 00s","5.0"
"Getting Started with AWS Security, Identity, and Compliance","https://explore.skillbuilder.aws/learn/course/external/view/elearning/101/getting-started-with-aws-security-identity-and-compliance","3h 00m","5.0"
"AWS Lambda Foundations","https://explore.skillbuilder.aws/learn/course/external/view/elearning/99/aws-lambda-foundations","2h 00m","5.0"
"Getting Started with .NET on AWS","https://explore.skillbuilder.aws/learn/course/external/view/elearning/92/getting-started-with-net-on-aws","1h 30m","5.0"
"Amazon Aurora MySQL - Basics","https://explore.skillbuilder.aws/learn/course/external/view/elearning/86/amazon-aurora-mysql-basics","15m 00s","5.0"
"Authentication and Authorization with AWS Identity and Access Management","https://explore.skillbuilder.aws/learn/course/external/view/elearning/85/authentication-and-authorization-with-aws-identity-and-access-management","15m 00s","5.0"
"Introduction to EC2 Auto Scaling","https://explore.skillbuilder.aws/learn/course/external/view/elearning/84/introduction-to-ec2-auto-scaling","10m 00s","5.0"
"Introduction to AWS CodeCommit","https://explore.skillbuilder.aws/learn/course/external/view/elearning/82/introduction-to-aws-codecommit","15m 00s","5.0"
"Introduction to AWS Fargate","https://explore.skillbuilder.aws/learn/course/external/view/elearning/81/introduction-to-aws-fargate","10m 00s","5.0"
"Introduction to Amazon Virtual Private Cloud (VPC)","https://explore.skillbuilder.aws/learn/course/external/view/elearning/79/introduction-to-amazon-virtual-private-cloud-vpc","07m 00s","5.0"
"Introduction to Amazon Direct Connect","https://explore.skillbuilder.aws/learn/course/external/view/elearning/78/introduction-to-amazon-direct-connect","10m 00s","5.0"
"Introduction to AWS CodePipeline","https://explore.skillbuilder.aws/learn/course/external/view/elearning/76/introduction-to-aws-codepipeline","1h 10m","5.0"
"Introduction to AWS X-Ray","https://explore.skillbuilder.aws/learn/course/external/view/elearning/71/introduction-to-aws-x-ray","07m 00s","5.0"
"Deep Dive into DocumentDB","https://explore.skillbuilder.aws/learn/course/external/view/elearning/68/deep-dive-into-documentdb","30m 00s","5.0"
"Amazon DynamoDB for Serverless Architectures","https://explore.skillbuilder.aws/learn/course/external/view/elearning/67/amazon-dynamodb-for-serverless-architectures","2h 00m","5.0"
"Introduction to Database Migration","https://explore.skillbuilder.aws/learn/course/external/view/elearning/65/introduction-to-database-migration","45m 00s","5.0"
"Amazon Route 53 - Amazon Route 53 - Basics","https://explore.skillbuilder.aws/learn/course/external/view/elearning/63/amazon-route-53-amazon-route-53-basics","20m 00s","5.0"
"AWS Database Offerings","https://explore.skillbuilder.aws/learn/course/external/view/elearning/61/aws-database-offerings","4h 00m","5.0"
"Introduction to AWS Data Pipeline","https://explore.skillbuilder.aws/learn/course/external/view/elearning/59/introduction-to-aws-data-pipeline","10m 00s","5.0"
"Amazon API Gateway for Serverless Applications","https://explore.skillbuilder.aws/learn/course/external/view/elearning/52/amazon-api-gateway-for-serverless-applications","2h 00m","5.0"
"Amazon DynamoDB – Architecture and Features","https://explore.skillbuilder.aws/learn/course/external/view/elearning/50/amazon-dynamodb-architecture-and-features","15m 00s","4.0"
"Introduction to Amazon Elastic Compute Cloud (EC2)","https://explore.skillbuilder.aws/learn/course/external/view/elearning/49/introduction-to-amazon-elastic-compute-cloud-ec2","09m 00s","5.0"
"Building Highly Connected Applications using Amazon Neptune","https://explore.skillbuilder.aws/learn/course/external/view/elearning/46/building-highly-connected-applications-using-amazon-neptune","30m 00s","5.0"
"Data Analytics Fundamentals","https://explore.skillbuilder.aws/learn/course/external/view/elearning/44/data-analytics-fundamentals","3h 30m","5.0"
"AWS Hadoop Fundamentals","https://explore.skillbuilder.aws/learn/course/external/view/elearning/43/aws-hadoop-fundamentals","1h 30m","5.0"
"Visualizing with QuickSight","https://explore.skillbuilder.aws/learn/course/external/view/elearning/41/visualizing-with-quicksight","4h 00m","5.0"
"Introduction to Serverless Development","https://explore.skillbuilder.aws/learn/course/external/view/elearning/37/introduction-to-serverless-development","25m 00s","5.0"
"Understanding CIDR Notation","https://explore.skillbuilder.aws/learn/course/external/view/elearning/35/understanding-cidr-notation","05m 00s","5.0"
"Introduction to Amazon Elastic Load Balancer - Application","https://explore.skillbuilder.aws/learn/course/external/view/elearning/30/introduction-to-amazon-elastic-load-balancer-application","15m 00s","5.0"
"Introduction to Amazon CloudFront","https://explore.skillbuilder.aws/learn/course/external/view/elearning/28/introduction-to-amazon-cloudfront","10m 00s","5.0"